order_id,order_item_id,product_id,seller_id,shipping_limit_date,price,freight_value
ba5519ad-e8f9-41ac-be7d-875a2127f644,1,a79c0d179a6de79b23a81b64b3980c04,e883aa812c37a7413226856f4579fe91,2026-09-01T00:04:20.408Z,19.24,7.95
ba5519ad-e8f9-41ac-be7d-875a2127f644,2,3eb6b55ec8635498193d4fc3d264e6a3,33dd941c27854f7625b968cc6195a552,2026-09-01T00:04:20.408Z,306.78,21.24
8b5297cd-d2b5-4fd1-859f-0512e2d2b042,1,93709a210f8c878e1d9b12ff28580f2e,ed46f1eb4a638113deb2a1137b5f22e9,2026-09-01T00:04:20.408Z,185.89,35.43
8b5297cd-d2b5-4fd1-859f-0512e2d2b042,2,0e5c138ca746633922f8ed55b2c3d005,fe49ee029e61e789a1f3a5525f57ba8d,2026-09-01T00:04:20.408Z,78.27,22.65
65484585-4d4f-4d0c-bd45-9d21f97a3431,1,37e25cb997fa9c3559b68928bdddff23,0c8380b62e38e8a1e6adbeba7eb9688c,2026-09-01T00:04:20.408Z,69.33,31.71
65484585-4d4f-4d0c-bd45-9d21f97a3431,2,da7da0c2d3f2dbb32bee4ad3cf467fc6,05d2173d43ea568aa0540eba70d2ca76,2026-09-01T00:04:20.408Z,27.66,24.44
65484585-4d4f-4d0c-bd45-9d21f97a3431,3,3ed88583f131691a34dbc2b4e4f83f2e,6fd52c528dcb38be2eea044946b811f8,2026-09-01T00:04:20.408Z,205.8,11.5
c909e475-fa08-416d-8833-f74118d79bdb,1,e87093a08e761c9fbf7dd461227f66c1,c43d924a0f1688ee9fae0efcd6f539d4,2026-09-01T00:04:20.408Z,201.74,20.14
c909e475-fa08-416d-8833-f74118d79bdb,2,0c3e039a06ef40bce9a30c05a247f77e,876182d1918783bbe15233febfbd4926,2026-09-01T00:04:20.408Z,53.36,26.08
c909e475-fa08-416d-8833-f74118d79bdb,3,ca00817d14c90f75f3695ef75030c907,1b7e5006cb25dd23ce8686691013b121,2026-09-01T00:04:20.408Z,194.88,18.78
3edb62f0-8652-40ab-ae82-7c2811a56eb5,1,198ec19b3806cc2ad217e159e4e09d58,83a75eea11694e36e56dd0cb2240229a,2026-09-01T00:04:20.408Z,5.86,22.79
7bf3250e-a571-4728-9388-f7fa8c0e45e6,1,e35e57ac692a504d2fbb8f30e188c693,a5cba26a62b8b4d0145b68b841e62e7f,2026-09-01T00:04:20.408Z,302.25,17.66
b586f2f9-df61-4491-b2fd-9a2e7b61926e,1,895e0a8c1cf8a915c6a0d5d2a91689b6,5e25c632f9db6cfb8bc100421c2737b6,2026-09-01T00:04:20.408Z,174.9,20.58
38a9701c-2fa5-4947-8c03-1308d403f377,1,01175f0c6182b4410c669417d7e8268f,f1ce5fdecd64935c28b9ff932751d0dc,2026-09-01T00:04:20.408Z,44.39,8.05
38a9701c-2fa5-4947-8c03-1308d403f377,2,7e42f7c4405ac2fdec454c0497facd83,c68fb906c8f4b4b946d8386bfa6e5467,2026-09-01T00:04:20.408Z,233.85,13.48
38a9701c-2fa5-4947-8c03-1308d403f377,3,279c4f688c1562c5f221f139179389c9,11eac105f3f90a9b87b19c89d91e24f3,2026-09-01T00:04:20.408Z,54.25,25.33
9c55d223-e7e9-4eb4-9caa-a2f1dbcba10c,1,671daae289ba175770580ddd6240ef76,ba89796db68db180bd389de96b2ff3b6,2026-09-01T00:04:20.408Z,53.43,18.66
9c55d223-e7e9-4eb4-9caa-a2f1dbcba10c,2,b3c9fbea83e09f3d0994b2f8301c89a7,ff063b022a9a0aab91bad2c9088760b7,2026-09-01T00:04:20.408Z,27.19,16.59
9c55d223-e7e9-4eb4-9caa-a2f1dbcba10c,3,6f735de7025b8e74fc832dfd6ec2bf5d,3a734b715d333a2588a3d54a0c9b8746,2026-09-01T00:04:20.408Z,283.48,18.42
93024d82-264f-4304-857e-6595a6386ab7,1,a9418952bd0aee716d44d25d706561b0,85044848b1b767db2a4a58526adef4b4,2026-09-01T00:04:20.408Z,181.36,37.06
93024d82-264f-4304-857e-6595a6386ab7,2,edaa2bd93560f6d79e10b21fa2858004,5962468f885ea01a1b6a97a218797b0a,2026-09-01T00:04:20.408Z,45.29,13.91
dfd2c001-c367-45e3-817b-e6d24193c8a4,1,70ee18fa7f4c08a0d334497bf8969f59,83b08de96980757220871b31bf6cffca,2026-09-01T00:04:20.408Z,389.4,2.12
dfd2c001-c367-45e3-817b-e6d24193c8a4,2,e619ceb6b2a4196772ddaa5c6e0368a7,69b5eaa096c3f9d1e5c398c597f567d6,2026-09-01T00:04:20.408Z,106.5,31.22
dfd2c001-c367-45e3-817b-e6d24193c8a4,3,ab687729e8507381d0b4aa32bef2d723,6c6e3d67f969468f3bfd33f827a31222,2026-09-01T00:04:20.408Z,345.74,17.54
1bbbd7ff-4b7a-4ba8-b91b-233eaa288f8c,1,cdd68c0ef3e507db79631336cf9ec285,b56906f7fd1696e043f1bcce164c487b,2026-09-01T00:04:20.408Z,112.71,20.23
54376760-f990-4bdf-bbeb-db6af9e3cd7a,1,332b3e10a1e54aa72c52f41221eb53ab,1703bc09972dab9782e7a9194943b69f,2026-09-01T00:04:20.408Z,156.89,12.69
54376760-f990-4bdf-bbeb-db6af9e3cd7a,2,fd9bc1610a48cabefb0ef59453f7ebeb,3d62f86afa7c73be2628a3be1423f5a0,2026-09-01T00:04:20.408Z,136.04,25.32
278ff1e9-f941-4d2c-927d-0ca255af1f25,1,5bf0a3751ac1a1c1253ef97a027b8c13,f6122bc84774df1b372bdb3bb88ddb9f,2026-09-01T00:04:20.408Z,286.49,16.74
8936bf46-e191-4fb2-8435-5252ef6c79c6,1,9766505cde62429c3629bb6411cd9dc4,916748bc99315c2d202898ae58b1617e,2026-09-01T00:04:20.408Z,190.22,13.47
1132885b-0728-422f-a691-8ac06221f032,1,73f904226d62f004bbd49c022e686999,7202e2ba20579a9bd1acb29e61fe71f6,2026-09-01T00:04:20.408Z,348.03,4.3
9d45cd31-87bf-4f9d-be46-9384e694f8ff,1,303b5f49ba6dd3d1d40aa3fe9b4f0bf9,8cf21434553b02cbd37c0bbd07e041b0,2026-09-01T00:04:20.408Z,166.35,9.1
1aac930a-c84b-4f02-b2d7-b63a9081b8f5,1,4821fcfd5ac4f89ee295f3ac1f20c7a3,e5a38146df062edaf55c38afa99e42dc,2026-09-01T00:04:20.408Z,30.86,26.36
7710bd35-9468-447c-b852-e88df6ae5a8b,1,b9e247fc923da7d723c2545b76efe01e,8daab2245ebdc277c51098d01c5ad8ef,2026-09-01T00:04:20.408Z,17.61,10.4
982eb9c8-856b-45be-9645-ac3fb5768c0c,1,e0f55a53bebaae74a51a8fb9639681d6,270572bb714b00531be85e16e1550f26,2026-09-01T00:04:20.408Z,174.61,4.38
912a05a2-990f-454e-94e7-e8011dba03c4,1,5688e01178de72fdee95d7d456d387fd,38f276ca6e7cc95a6d1bb55ac9e5550f,2026-09-01T00:04:20.408Z,167.69,24.1
618314c1-33f2-4ec9-b120-f1361670ee52,1,8aae4df46baf1278422b69edbb50bd35,cc5a78bbad32776dc4e3af205218368c,2026-09-01T00:04:20.408Z,326.56,33.14
618314c1-33f2-4ec9-b120-f1361670ee52,2,3889a02f55ae9a5e5e321c4a4d2eee64,bdb3edbaee43a761e2d4f258dc08f348,2026-09-01T00:04:20.408Z,240.39,29.01
618314c1-33f2-4ec9-b120-f1361670ee52,3,50e015dd53fdcfa8502a7e6827e1fbe6,9e9b539eb2806acee3f5c28085c1db9f,2026-09-01T00:04:20.408Z,108.09,1.15
12f8ad2b-024a-4817-957c-85f2a162ced1,1,e80d316020758033fb0247e553f8a640,d05ae8f7a5bd1d2a690a44cd079e4e27,2026-09-01T00:04:20.408Z,241.78,31.95
b3247bf4-4f47-4c1a-9c7e-03260e2c686f,1,1b5b6bd531d2e0b1650bbabac62fa352,a806a4bb063ea7ca6d374eafa50a6058,2026-09-01T00:04:20.408Z,38.34,5.16
65e76cb7-6169-487c-b1a9-6c83ff7223ac,1,e5ae72c62ebfa708624f5029d609b160,f41ce2e25237f9092cd8e6e7516c7a2f,2026-09-01T00:04:20.408Z,135.67,9.33
6a32f08e-8522-403d-8337-e87534737e7d,1,432f8a18d8c5b519bf3860e2f32c3273,9bade61a92bed55a25d2b67b9f4ed739,2026-09-01T00:04:20.408Z,163.61,24.6
46de40dd-0d0f-4a7b-89e6-5255418ebcb2,1,d458378a178cd7cae60052319cebf235,562f8cfc51f265411f487d07e9c40e7f,2026-09-01T00:04:20.408Z,106.76,42.03
46de40dd-0d0f-4a7b-89e6-5255418ebcb2,2,fc6b299cf83fa76632dd1b0a2c611f33,d79e8478eed9999493990b44955fb22e,2026-09-01T00:04:20.408Z,318.33,15.63
46de40dd-0d0f-4a7b-89e6-5255418ebcb2,3,dbd024d4182504993ad1e3cd2ee9d9e9,ea67327e24487bdfac5fbfa37ea124df,2026-09-01T00:04:20.408Z,23.41,12.36
4dd94096-173c-4dba-b136-8e183bbab40b,1,d3a10b49783a6ba7ea46526fc79aea91,33a17d60c64393351ebf1ef860f4e0f2,2026-09-01T00:04:20.408Z,146.13,5.82
d89ce2b4-6936-4fc6-8b0a-afea59e21341,1,746789f724254a8b473de5a83f4e2a92,734def04b237117a09321dd6d8f3f2a2,2026-09-01T00:04:20.408Z,283.58,12.22
d89ce2b4-6936-4fc6-8b0a-afea59e21341,2,205f96ff730dd709636da2c7b9cb7ca9,011b0eaba87386a2ae96a7d32bb531d1,2026-09-01T00:04:20.408Z,65.62,21.68
d89ce2b4-6936-4fc6-8b0a-afea59e21341,3,b0141fc41043ae23a16677f3a7e282b3,f9ec7093df3a7b346b7bcf7864069ca3,2026-09-01T00:04:20.408Z,12.27,38.52
c52d1742-9336-4d15-95d4-7d281fe96ec8,1,3914a208bb9313e3d980399268ddd54e,c7fdb77fdbff3c41981bc52f787e959e,2026-09-01T00:04:20.408Z,42.18,53.43
6cfa31ad-f74d-4ee6-9ac4-486eecad9288,1,cad04bbd56e9e1392a586f51477a7e3b,b0b346d3a89f5eb4c2968af3f083cd43,2026-09-01T00:04:20.408Z,34.82,28.46
4b30ef23-0832-4baf-bb01-62b661f538cf,1,4cb4ef491872bfc6e910b343d46c6325,beadbee30901a7f61d031b6b686095ad,2026-09-01T00:04:20.408Z,183.29,16.03
5977e922-a369-4ce2-ba43-d685b4826bfb,1,189d6b9a380642d0ee2245277cc9b2f2,289cdb325fb7e7f891c38608bf9e0962,2026-09-01T00:04:20.408Z,112.5,22.84
fa62acc7-b717-4c19-bca6-23e2fcb7408a,1,8787e56abaa84fc6c3ba9afa857632b1,c0e6839516f5398edc34adf5f1d53d1a,2026-09-01T00:04:20.408Z,5.54,30.37
4249aea5-1c9f-4176-be42-0c4b485ddcb0,1,c6aeb159daefcd63e4caed10bf47ef0b,7ea5bfa6c340f58f8e71fc1f0412b0d6,2026-09-01T00:04:20.408Z,251.18,20.94
7fa11c24-ab64-4258-8731-be60b8352bc7,1,737d944446ee3b1e8c234bc57ecf7ca8,6e4a902d1054e4e17aa6eab87fac1c75,2026-09-01T00:04:20.408Z,51.81,22.04
96ea94e9-e3ea-446a-a470-9339d5e10d44,1,fa38bcb3a473be0c408207618946a8c1,6a8a889bde935bafa76d7848782dfaf9,2026-09-01T00:04:20.408Z,578.13,11.09
96ea94e9-e3ea-446a-a470-9339d5e10d44,2,94e87c8d2cac9ca6fa8c91b99712caaf,334cab711dee080b079fa5779b584783,2026-09-01T00:04:20.408Z,222.95,30.92
96ea94e9-e3ea-446a-a470-9339d5e10d44,3,52a085323b6c368f0ab93e7540614992,66d5ae34537110d3affc56174dad2b2f,2026-09-01T00:04:20.408Z,120.94,15.07
f8a5aa3a-5780-4a5d-94a6-31e660c713ec,1,cdb2152dbfd2aba4877dec3532c819e7,88cf19ec1fc2c58f161aee259d57142c,2026-09-01T00:04:20.408Z,25.5,35.53
a619961b-3824-4aaa-9d42-dc4b230c5b6e,1,fcf4c9a897ae906e5a467ebf4589dffd,cfa5ab0e4d3fc212fd0b3410e7081c62,2026-09-01T00:04:20.408Z,189.26,17.7
a619961b-3824-4aaa-9d42-dc4b230c5b6e,2,9e809bfbd8f6387e9bfbccd76087c82e,cfe94489ddd337d1e29e12f2a7205d10,2026-09-01T00:04:20.408Z,278.34,15.58
50b18be4-12f3-4fc8-86c2-0f19aa853b21,1,70e0c10acc3dd72e17f2136ddb027317,6824a69c9ea0313eba299dd4a2dba09a,2026-09-01T00:04:20.408Z,57.54,18.06
a0825032-baac-4b2d-9b55-2712fe3633a9,1,1fc3aadb8bb11f56f13ea8999066bd81,f9a02f1922d1de564392e656d82b3fda,2026-09-01T00:04:20.408Z,284.85,17.29
a0825032-baac-4b2d-9b55-2712fe3633a9,2,4ba9263261711e19aa09a61e3ab72316,5d0363b33554b373851fc1622e4d5f3c,2026-09-01T00:04:20.408Z,594.83,4.7
a0825032-baac-4b2d-9b55-2712fe3633a9,3,53b7965906cf23c063da1ff89f50a257,620c87c171fb2a6dd6e8bb4dec959fc6,2026-09-01T00:04:20.408Z,211.87,13.59
d653e0eb-94ff-4fb3-8e4f-9a9a68b36c97,1,b55d740a9c9a5e4b9d681828a82d28bc,d25aa0aaacb370e912f8cf6efeba38b3,2026-09-01T00:04:20.408Z,89.88,13.33
d653e0eb-94ff-4fb3-8e4f-9a9a68b36c97,2,d6bcc9649c52a826c656563ffb87a036,9da15f4a4ea758d9eeb49000dbe57e22,2026-09-01T00:04:20.408Z,20.44,29.25
92c2b89c-7416-472c-a56a-052aea24d3fa,1,d600d7ad2039ff6169fef341624fd281,7e3f87d16fb353f408d467e74fbd8014,2026-09-01T00:04:20.408Z,349.6,18.86
00617749-c1c4-49e4-ad3c-1d174eab3220,1,f86ab4e67c4b9e24b61a0abab8cba388,128639473a139ac0f3e5f5ade55873a5,2026-09-01T00:04:20.408Z,106.68,23.15
00617749-c1c4-49e4-ad3c-1d174eab3220,2,32224b437cefd35300f4adeff01db8f4,35ef5aa32949680f627efec3c23e705c,2026-09-01T00:04:20.408Z,139.79,20.96
5bed6762-fca1-4a88-bb54-9f5c4c7253a8,1,00f42e56821b1779fbf397fe72639054,0791d9fc1e30678ecf03d3e55fa108d3,2026-09-01T00:04:20.408Z,37.85,21.05
c35e02e1-8ef6-434d-9b3a-4e741a373f46,1,f3c5f7d4a6b87b94a7ce5fa1c1b2ca10,269c5fc9fcadee614364c3620c30a1f9,2026-09-01T00:04:20.408Z,189.39,26.99
fb1a0504-50e8-4201-9928-dcf84dce9092,1,c2f2d10f8b047f5cffef731479a34432,8a130737016f838139d31878787a39c9,2026-09-01T00:04:20.408Z,21.57,13.53
fb1a0504-50e8-4201-9928-dcf84dce9092,2,3fde071523d485031f4f0fc9fe1c42e4,91f848e9f4be368f4318775aac733370,2026-09-01T00:04:20.408Z,151.89,29.3
725d5bb4-f8b7-4b8f-aef9-c54aa55ddc44,1,146f38b5c222913dbe6606e5a25cd318,7ecef8194babfec876ca720714327841,2026-09-01T00:04:20.408Z,174.85,9.38
1c0577dc-a3df-442b-bb70-046dbf7100cb,1,7c1001239dfe84755f6c35910436abd1,2ec6e37d992a95eaddb3369dcbcc76d9,2026-09-01T00:04:20.408Z,54.72,21.17
d7f096b4-5df9-4c9a-a7f5-e7a36ec09545,1,4033dc4f8f073776b3048ba040d67697,b6c6854d4d92a5f6f46be8869da3fa1a,2026-09-01T00:04:20.408Z,108.05,20.34
d7f096b4-5df9-4c9a-a7f5-e7a36ec09545,2,9af4d74cc1b1181f4f35d4286c27bbcd,fb89df7f89fd1b8f03fa2acca1ba7364,2026-09-01T00:04:20.408Z,116.24,25.07
d7f096b4-5df9-4c9a-a7f5-e7a36ec09545,3,c7201e0891f536eecd2369c50d0b04b8,56642bcb79900e777d68e91915cb4267,2026-09-01T00:04:20.408Z,129.98,21.33
a1539502-66a2-47d1-a9fb-0333d360eb04,1,4407440c06d8c11ce1b2e61c4382a8f3,537eb890efff034a88679788b647c564,2026-09-01T00:04:20.408Z,260.15,35.04
a63a0936-6606-40c3-975e-34ca3c72038c,1,c7b3b8509e06ae21abdd78b541215cda,6a38087bc8ad4f89ff453561005f6dea,2026-09-01T00:04:20.408Z,244.62,23.37
a63a0936-6606-40c3-975e-34ca3c72038c,2,f74fae536818c7dea74d1e3d629fbbc7,6b243f80ed07b10f0e8aa0f21a205f3c,2026-09-01T00:04:20.408Z,336.42,11.31
4d717f66-917e-4290-8c74-074747c956fc,1,04565ebccdd3c4acc43789823458d6a8,2089a6d640999f9b9141ac719b2af596,2026-09-01T00:04:20.408Z,378.03,7.32
86dfc804-08a5-4166-b365-3d3a248cbfe6,1,872c150bc3167f3a4fd9214f82931358,5d505d2298ad549e4e4e835562fa0c1e,2026-09-01T00:04:20.408Z,139.8,12.18
247adf7b-cd2a-40d2-9ce7-e2c5523b3809,1,4b2422ebbc6723e80f355b11b4d8fba0,8a2d12a90e92f012ce5226fc6592b653,2026-09-01T00:04:20.408Z,151.85,22.44
dc2814b0-d116-49fb-ab44-d61fdb7a0e1b,1,56d708cb5ce58c2040a3b18a0cb33497,7a188843479798ca813108fa7b959286,2026-09-01T00:04:20.408Z,255.09,7.96
dc2814b0-d116-49fb-ab44-d61fdb7a0e1b,2,9fe9a0df683befa474d984548f5e8f3b,fa40cc5b934574b62717c68f3d678b6d,2026-09-01T00:04:20.408Z,317.61,33.65
dc2814b0-d116-49fb-ab44-d61fdb7a0e1b,3,2691bad4b1d8eb94ea5f2ccbbd582fca,436bf27f2f18474fc6047702e9f8a866,2026-09-01T00:04:20.408Z,27.83,27.32
f956c355-d243-499e-be3f-554ebfb4e2f8,1,0288f8dd74b931b4ec7a468fdd6ed040,ce20a2ec1514c25e16f2b5b39bc818f0,2026-09-01T00:04:20.408Z,53.75,17.89
f50d79a0-ba7a-48c5-a841-f8ff1fdf967a,1,c0681a586716a6b03826f9d15d4bc830,c200c73f9d7e5a08ca439d6a0803da7c,2026-09-01T00:04:20.408Z,63.37,31.64
f50d79a0-ba7a-48c5-a841-f8ff1fdf967a,2,5072bfb5e5e1ce79d108a610b6b22642,cfb1a033743668a192316f3c6d1d2671,2026-09-01T00:04:20.408Z,234.6,17.74
50ed72d4-c4ad-4285-83dc-0781d3f02ff8,1,eea3e07f864a0a1389726d8a5f31c3f6,77e4abfd739aed9c46480f90f81c0eb4,2026-09-01T00:04:20.408Z,70.52,22.89
50ed72d4-c4ad-4285-83dc-0781d3f02ff8,2,28a0aebd7bf7ec9b31443c4cfd3e0f0c,9996ae921c50e8dff411ac69c0b4bb8b,2026-09-01T00:04:20.408Z,297.2,10.66
55cb0a65-3dee-4b4a-a447-82f7bc8d6fc1,1,c664fefd1535d526b427ea18dab22bd3,2b402d5dc42554061f8ea98d1916f148,2026-09-01T00:04:20.408Z,151.74,28.53
55cb0a65-3dee-4b4a-a447-82f7bc8d6fc1,2,339dfa68c25548e53903cd44e090f28f,1b61fb1f0f2185d89e9a126c498e9cc7,2026-09-01T00:04:20.408Z,86.98,17.75
55cb0a65-3dee-4b4a-a447-82f7bc8d6fc1,3,4907ffcd08e217fc8e169a8e9584abc4,9fbd5666d8618fa571c4230fafa09bd6,2026-09-01T00:04:20.408Z,82.65,11.46
36e66dfd-d486-4d64-93a5-bd54623a4f5a,1,b800d7bb8cd5a7093dd099a367d1dde2,86bf77bdb52e615674772d5817c6212f,2026-09-01T00:04:20.408Z,17.59,45.0
4bdc2c97-b597-4de1-89b0-b1fac317960f,1,9207d6b9c76ea46cbc5b101a23293cc2,e06f09ec0a4aca210779cf1cfc63cf19,2026-09-01T00:04:20.408Z,61.53,7.25
4bdc2c97-b597-4de1-89b0-b1fac317960f,2,cd00bff3b274caea4aac883ee3a8da56,9596c870880d900012f2e8e6e30d06d7,2026-09-01T00:04:20.408Z,34.2,14.47
e759b9e2-9d3c-43a8-a6aa-d3cc2d72e5b4,1,4cd531c7f4447ebff6dd6bd12993fab8,acce39e832338debb07b02385cde5967,2026-09-01T00:04:20.408Z,236.43,25.58
e759b9e2-9d3c-43a8-a6aa-d3cc2d72e5b4,2,aa280035c50ba62c746480a59045eec4,de23c3b98a88888289c6f5cc1209054a,2026-09-01T00:04:20.408Z,380.66,12.13
e759b9e2-9d3c-43a8-a6aa-d3cc2d72e5b4,3,4dab5b862124c607243bbaebd2684bcd,1ca4bdb0cd7fc48e949bac066188ed26,2026-09-01T00:04:20.408Z,243.59,1.33
6dcf8f96-4afa-4aca-ba13-6a7f7129cbcc,1,d31d37381e5760bb91654d898e9c1a73,2aafae69bf4c41fbd94053d9413e87ee,2026-09-01T00:04:20.408Z,268.17,35.33
6dcf8f96-4afa-4aca-ba13-6a7f7129cbcc,2,1559e46cd3a07441620f97b068268ae0,cb0b3bcf14e0a709df412a99424a59d7,2026-09-01T00:04:20.408Z,84.53,24.62
6dcf8f96-4afa-4aca-ba13-6a7f7129cbcc,3,f08e8a22fd29fbb0b2b09c220758575f,3442f8959a84dea7ee197c632cb2df15,2026-09-01T00:04:20.408Z,172.13,21.79
b503442d-2b1b-4a61-a419-e3826d0a5ea1,1,044de1dc695094f06e9eca6c19921f20,83d7070a0b9a8b4625fa8682b819fabb,2026-09-01T00:04:20.408Z,248.85,40.97
62436c94-5b09-42fb-8b2f-4c23cebeb457,1,871238c57d25f282d163be9e712c36a9,b7cc6c5e001441ae8cdd5c69a480cbe4,2026-09-01T00:04:20.408Z,241.37,29.03
c5bedce8-0ae8-4dcb-9b19-a69c3ec48820,1,2b703ec635a9868dc7da64dda15cd828,b416191c9813d821a295cfabafff4161,2026-09-01T00:04:20.408Z,162.17,34.7
2561c40c-4077-4111-a996-5b8a8127d524,1,6b5e28354ababa66e691a8072681427c,cb9fb4ca75d7ba8437480e8dde64fe98,2026-09-01T00:04:20.408Z,270.12,21.38
a641278d-af24-4589-9f93-af3992bc64c0,1,4579e87cfe02f4b4eaabb298a254a5b9,5566627eab3fe93fd6ee08798226101a,2026-09-01T00:04:20.408Z,64.45,29.31
fa973a73-02b4-46df-9a8a-fba917e8c130,1,8c49cb6b9f063faf0ec568571e59072a,f205b1a3ca9a34e0f8a228bae6e4c7b3,2026-09-01T00:04:20.408Z,243.41,20.59
e0404684-1397-45f9-acda-22259b705d55,1,6c78bff5bec87601a4039b471189c489,8e2b3afb420011ef0c88c9d5f11ea526,2026-09-01T00:04:20.408Z,201.64,31.33
e0404684-1397-45f9-acda-22259b705d55,2,6c81db10f914c4d032b14fa93aa0a818,70f84699be677ec988d1fa824aef7d90,2026-09-01T00:04:20.408Z,625.5,38.69
e0404684-1397-45f9-acda-22259b705d55,3,b67444235c5d1da1b9e136f66fdf3fd0,11bfa66332777660bd0640ee84d47006,2026-09-01T00:04:20.408Z,42.88,9.63
d7aa1dba-1eb0-46a4-9620-adecb4d82509,1,aba85c958ea6774626886041ac01acf1,bc07d855eac23aab5ac8a120f21d16b2,2026-09-01T00:04:20.408Z,157.21,15.82
d7aa1dba-1eb0-46a4-9620-adecb4d82509,2,ab592db756fdbec7cc98b2cd91ed51d0,f021c962aaba8ef6eb527a9c2c8394d1,2026-09-01T00:04:20.408Z,33.32,32.48
a4e7d006-ebea-4d51-a2bf-00982aeb923b,1,37a596b78c308cadd1669984686b04c4,9e94fa26a70ede4d26226e918e8706a2,2026-09-01T00:04:20.408Z,216.09,9.84
1687c04f-2b87-4b90-910e-a8e55dfd04b0,1,cf67ebdec22e11186b2129b5852f981b,160851d3ece7aa1a510f8d1a4bb8a8af,2026-09-01T00:04:20.408Z,187.42,18.35
f6627d81-d25a-48db-94a2-ac828553dd2f,1,53f94c255b909ffb24a4047e0c255b91,08633c14ef2db992c11f840f04fad4cd,2026-09-01T00:04:20.408Z,91.03,9.7
59c9a052-c2ea-48a3-bed2-d9a3a48fe4ad,1,376dbd64a8f0b17e74d40183e12f2f8e,bf3c6d2a28b2b5501e6c15448982dcc9,2026-09-01T00:04:20.408Z,234.64,30.04
4aa8f395-fab3-48ce-a470-c16fcb587e31,1,6f9771652ad5ec58e58f50475d6bfe0e,e45edf75f568ed2f93f78d060e246e25,2026-09-01T00:04:20.408Z,315.68,28.65
7700ccd0-b46f-4c92-a55b-75dad643cdcc,1,fc44aa56f6950438772a08ec23552fd9,1900267e848ceeba8fa32d80c1a5f5a8,2026-09-01T00:04:20.408Z,117.66,28.86
0df75169-6ec9-411b-8052-39ccbcc178b4,1,67d4137622a3e1586ab26438993b898f,3d49bfdd1b43a7fe169b3740067acc61,2026-09-01T00:04:20.408Z,423.01,39.52
37c85ad5-d4fa-478e-8a1b-a52de4dcb388,1,2fc1d23fa789d26055ab613cdb6173f3,b4ffb71f0cb1b1c3d63fad021ecf93e1,2026-09-01T00:04:20.408Z,21.36,31.72
50075505-3346-4363-adb7-b589178063c6,1,8006cc1b6dee0d91ffe9cf906016dac7,2f3d8b4c9e2ee165075331fea3f3095a,2026-09-01T00:04:20.408Z,290.27,22.21
bb92f206-0b73-420d-a7e6-2f948f6d59ec,1,dfdfd0def1171ab6cb6b8b095e2246e4,7ff588a03c2aeae4fbd23f9ae64b760d,2026-09-01T00:04:20.408Z,471.1,22.3
96160816-c120-412d-8f32-d8759309cdba,1,3ab4b1931a4bb6cbef302ea76254e850,29c322e3f09f886f8bacbe91dfbd979e,2026-09-01T00:04:20.408Z,251.77,16.4
96160816-c120-412d-8f32-d8759309cdba,2,f0bdec4f1c899ce1258888fa9d6db7d0,7c51de0ab286204ce75ff42bf7c10d92,2026-09-01T00:04:20.408Z,155.51,17.14
885b32af-93ed-4e33-b826-a099e731dc70,1,4562a1390da3bb292198395483cdc7a7,0bf0150d5b9d60d9cd2906003332f085,2026-09-01T00:04:20.408Z,248.49,5.45
c5cee183-cfe9-48d9-bcab-de9e4702012f,1,f832d1b20241274bc51c2d691b0f4b94,638cba8be1fb599bbb76fd6948351eb3,2026-09-01T00:04:20.408Z,221.81,24.09
18892495-7517-4b83-9bbe-c1d6ba7df951,1,e8b61f78db501ea0ca45677d1ca27de2,a35ef466c6fd6d052f5d241240d3c5e2,2026-09-01T00:04:20.408Z,107.56,8.88
18892495-7517-4b83-9bbe-c1d6ba7df951,2,2a519472f15e92b4cbc8799faa5f491e,6dd7dce75cd55c1ce255dc38d9f0cd46,2026-09-01T00:04:20.408Z,313.08,3.22
265a3dfa-0532-42dd-a5a0-29e34e1ffd22,1,e034c021254ff4d8da4e936e047967af,d8cf3b6a2151949f930d0252b180ec42,2026-09-01T00:04:20.408Z,40.13,13.54
8b7d6f2b-96ee-4292-94fa-8d100ecf3950,1,322ecdda3eff7439376c27a5114fd114,3442033154be05bac582e173ef54fd12,2026-09-01T00:04:20.408Z,98.27,32.28
35ea2836-ba40-4156-b56d-eacc434e362e,1,6ee1607bacba780139e7f7fcd316c1d0,66fd84ee7528c0c0de85d0f44a73d5ab,2026-09-01T00:04:20.408Z,87.0,3.94
48339a86-2b10-4823-bd05-b9e509a6cc8a,1,23b943460884877c44de1ed05d357d83,9ac75591b69c3402684b6ce0310f22ee,2026-09-01T00:04:20.408Z,182.4,35.27
48339a86-2b10-4823-bd05-b9e509a6cc8a,2,f0c39c49847d1eab4dae5245694acd3e,11305281b50fff20ae8bb473f8e11876,2026-09-01T00:04:20.408Z,192.38,25.71
0768f600-cd02-49f3-9075-f673a24054f0,1,a34838639f948d8f0727b695c2895cac,4e922959ae960d389249c378d1c939f5,2026-09-01T00:04:20.408Z,156.93,0.93
0768f600-cd02-49f3-9075-f673a24054f0,2,fe40f7377a50aba380fb2fca57cf730c,14ee35374a7876217954b5fa08e50463,2026-09-01T00:04:20.408Z,52.96,14.75
0b84ac4b-b7b3-490a-9e12-ecaff7115052,1,5ff59c5f2db7600fa8143442c8b1e4f6,968268a686aa05d1f529fb07dff08130,2026-09-01T00:04:20.408Z,72.84,28.0
54942079-4e82-4558-b593-c7b79af61fa2,1,4601231c3480315049971ea0a61d3839,c3e1abd72a42fe690fcd89cf5720fe29,2026-09-01T00:04:20.408Z,151.53,24.35
54942079-4e82-4558-b593-c7b79af61fa2,2,196a8ebab62f48072dc189014d46a8d3,0ea22c1cfbdc755f86b9b54b39c16043,2026-09-01T00:04:20.408Z,193.01,32.1
f9453819-31e2-4105-8376-360b25cb0f86,1,e948cf75e6b64307f7f76a49eaa9fc2f,08084d990eb3f53af056ccbc1730c8a7,2026-09-01T00:04:20.408Z,229.48,2.24
dc168969-662b-4275-8650-87b292579408,1,297a5f6e0aaf7b32fb0fc7483944105d,c3ee2331a724e6fc02c4b698b57a73f3,2026-09-01T00:04:20.408Z,362.36,16.01
6f7da92a-b3aa-4d87-86ea-685631541b3f,1,7c1ac37ea884ec9c46ebf155ffc53d50,1782ce2db72c3dda627d5e7c898104e1,2026-09-01T00:04:20.408Z,424.43,14.36
c943defb-a591-4ec5-914d-d775ecb87af9,1,127a2524a6031c086994214acb167abb,2379bdc3888025689a9deb7b141507d5,2026-09-01T00:04:20.408Z,74.67,24.51
c943defb-a591-4ec5-914d-d775ecb87af9,2,a03e401d58a45187271718c5d7610422,bf0d50a6410d487dc97d2baac0a8c0be,2026-09-01T00:04:20.408Z,278.59,19.12
c943defb-a591-4ec5-914d-d775ecb87af9,3,473ecd4c15ecda05e4044ef14f1f4c2e,dc317f341ab0e22f39acbd9dbf9b4a1f,2026-09-01T00:04:20.408Z,291.02,17.95
410911f9-e292-4dfd-8aa2-6b4ecd707d45,1,0538b3ea14af3cc3ee6bdaf940367cee,b39d7fe263ef469605dbb32608aee0af,2026-09-01T00:04:20.408Z,72.77,29.86
d7f6c75f-7ed6-4ec8-9ce5-8155881cbc9e,1,4f0e806431f76599423676fd485109ae,528bcf6680c36dddf07620bd35b33a6f,2026-09-01T00:04:20.408Z,26.9,3.51
2e7fd27f-2ccb-4856-ab43-efbdc0451515,1,83c3d4602324544954d73486c1a47455,262237171f48e85819065498cac80d7b,2026-09-01T00:04:20.408Z,168.3,25.25
a5a21315-39ab-4bf6-a1dc-9149a3dfe009,1,d22a5221a26ff421ad353360421f799a,d101c6da914ae3d53f7bee42283f2fe2,2026-09-01T00:04:20.408Z,70.52,20.26
f655a078-c6d9-4810-97f1-0f70223f8fe8,1,2b6d377fa9397de28c3d3e1684bb2c4d,e70053bf73d1b5863932e53a9fa47496,2026-09-01T00:04:20.408Z,344.78,22.74
3e8e872d-65bb-4859-8a84-590d14dd76b7,1,b4ea7aecf6304f60fe63221697a8e33b,4c61e37f664c3c88aff092aa5ac779d7,2026-09-01T00:04:20.408Z,105.54,25.02
9c0e8e68-00fa-4ba1-87fd-fb388218b255,1,d48782d1a53a65a84d63efd6aabd4f03,2493dc3f20131696a0ecdb9948051a8d,2026-09-01T00:04:20.408Z,52.92,17.86
ca6b4a09-54ff-4337-940b-bb358d3f1346,1,68a058d125ba1544e726898f0b8c0523,152ee17e4c8aaf53dac99f3462e4999b,2026-09-01T00:04:20.408Z,267.69,19.11
3e4cdd1f-c72e-4a0d-abf1-4939efc11255,1,43e09fcb6175856e87a4d9b91321addb,48436dade18ac8b2bce089ec2a041202,2026-09-01T00:04:20.408Z,42.08,3.38
263d9877-662b-484a-a5d8-a0bb28b8db0e,1,4a78f5e17416dcfec28c101279235838,058fd0aa2bfdb2274e05e1ae971dabb6,2026-09-01T00:04:20.408Z,302.34,49.25
84ddd171-44f8-4ef3-b96e-6a1e4c8787fe,1,6ff59583fa5e14b6abbf806baeecc8e9,bcc9dd23e2a8bd8267cf92b19304a1b9,2026-09-01T00:04:20.408Z,65.22,21.28
84ddd171-44f8-4ef3-b96e-6a1e4c8787fe,2,a3d7c3deb27013525667b8dfee3aa788,b18871c324516afa228a13e8f1ef0ae9,2026-09-01T00:04:20.408Z,176.81,24.56
84ddd171-44f8-4ef3-b96e-6a1e4c8787fe,3,4128a326a8aa3eb532eb2c120520663a,1710c3aaa9c6b44ec3883ee0fe300e21,2026-09-01T00:04:20.408Z,393.75,14.84
11c51c8d-6e9a-4ddf-936b-e33f760c7e97,1,38b5079a807bb9f22ddfa46f929accee,e5def42655b7490edac5a56fe8e9e603,2026-09-01T00:04:20.408Z,283.29,22.47
5589f075-c9ec-47c0-aae7-a865e4f34652,1,942328ba3a2546856b7361547edf6eb2,b372ee768ed69e46ca8cdbd267aa7a38,2026-09-01T00:04:20.408Z,11.34,20.04
52b088c7-615a-40f5-b04e-0d47f6b5bdf1,1,39f3ae59da5b8f220b4a98a157b93af2,141440cad9341e553f8401c574a2aa38,2026-09-01T00:04:20.408Z,14.53,28.08
52b088c7-615a-40f5-b04e-0d47f6b5bdf1,2,d64a5abc068bfa0e7e1b7ad7f64fe96c,b98b715fe9e276204e2a3464f48cd796,2026-09-01T00:04:20.408Z,39.97,21.38
52b088c7-615a-40f5-b04e-0d47f6b5bdf1,3,125efe6153a8b6ed25ed7cabdd43c1a6,4bde6149c15cf7e177b36fa060dd6de8,2026-09-01T00:04:20.408Z,98.33,16.28
924224f6-4ab9-4e9f-8b43-ad51e9b682d9,1,1764de90ccf31194230a1d33c9cb7dfd,b2c97074649f92197d9387d9033dda5f,2026-09-01T00:04:20.408Z,34.63,11.02
924224f6-4ab9-4e9f-8b43-ad51e9b682d9,2,b28428391b08e61232dcc1ccf6bf71bc,f262cbc1c910c83959f849465454ddd3,2026-09-01T00:04:20.408Z,261.43,20.24
a48d4682-00e8-40b9-b8e2-ae2f9185c0ae,1,4c8541293fb2d3359cf52485b4d59b8e,a81466620e46a6970b22ef40379fdfc9,2026-09-01T00:04:20.408Z,200.62,28.14
a48d4682-00e8-40b9-b8e2-ae2f9185c0ae,2,d3153ef55a46de1972249b0a044c5bd7,d20b021d3efdf267a402c402a48ea64b,2026-09-01T00:04:20.408Z,24.7,32.95
a48d4682-00e8-40b9-b8e2-ae2f9185c0ae,3,164e1fc9dbbb8ec54611e3eaa25ef263,028872bfa080090a9d0abd4f1af168f8,2026-09-01T00:04:20.408Z,16.22,25.61
779df1f5-8cea-47b2-b188-e8bb8619de2e,1,14ba2925721da57b9f9edeff3d3c2d16,a3082f442524a1be452e3189e003b361,2026-09-01T00:04:20.408Z,388.57,24.85
779df1f5-8cea-47b2-b188-e8bb8619de2e,2,7053801e678b47c7ff38186602188679,1b8b75e227c9a9c100d0c210fb6176ce,2026-09-01T00:04:20.408Z,238.41,20.27
4608848e-807a-418c-aab2-ebdcaa6c2601,1,44feb28a74abb0f2f303412d60160750,84c945f15571830c1a91a33978e94009,2026-09-01T00:04:20.408Z,291.73,12.31
9e178f48-0d88-45cd-a8c4-d68884625ab7,1,130482add9fd75ccb6c57ba007694a2d,7fc87cc3e89b3d1d5cabdca32f8485aa,2026-09-01T00:04:20.408Z,104.78,42.44
b25c3ca3-61d2-4e9c-bc38-35d7ca1e8542,1,4cf46fe8e4eb3de47d0b04d7ee87e7f2,e8b4225284fbb02d16f200513f1f395d,2026-09-01T00:04:20.408Z,100.0,11.14
67af30a3-ed00-43c5-a0c4-298c52debf00,1,fb10a064e6f5151ebfffc589e166c917,a080fc8a850289b27500f6b49cca2553,2026-09-01T00:04:20.408Z,220.55,1.8
67af30a3-ed00-43c5-a0c4-298c52debf00,2,fb98e86cfbfbff699907f0a84784d474,8fb791022c1fc8909664f48ab7dc636d,2026-09-01T00:04:20.408Z,8.0,16.15
67af30a3-ed00-43c5-a0c4-298c52debf00,3,952e73f7e8bee61569a32b35c19bc981,2ff97219cb8622eaf3cd89b7d9c09824,2026-09-01T00:04:20.408Z,265.04,28.78
478fdef5-590b-4769-a0b3-dae1e06345eb,1,cfc8387fba4e6ae4b53d099e98fc095a,5e105f5c9f63f5f1fd75d6cb942e55b1,2026-09-01T00:04:20.408Z,475.46,23.55
01c25251-189d-47b9-83f2-d777f9ba2a76,1,6435be64ad92f52631170f9a92718a99,55d3daac7c404d59e51c2aa2f4dc5a23,2026-09-01T00:04:20.408Z,505.54,22.25
4c58c171-f8a1-41e0-99a8-73c548e94ff9,1,10dd77710da08ea43018cb3b4cedff92,3dc69bf2c42f0568a5c4791ec3fd3745,2026-09-01T00:04:20.408Z,124.6,24.53
60ea21ef-f1bf-439e-8965-6d6b446adb46,1,712a72a78ffb66cb6eee87eebbf54519,577719699805dd125d5b6fdde5943bba,2026-09-01T00:04:20.408Z,94.54,23.23
60ea21ef-f1bf-439e-8965-6d6b446adb46,2,2f0487d88dafacc1e64b8ab65820f96b,870d0118f7a9d85960f29ad89d5d989a,2026-09-01T00:04:20.408Z,88.41,18.96
8bceaaa4-d3ad-4c11-86e3-ffe21682f210,1,666a984f022bec9d8c30060c4bf355c7,58c851d1a3c7cd3da329eb59453fed44,2026-09-01T00:04:20.408Z,61.23,11.17
d17c6485-105d-4c3f-bfd6-0afb111df4d0,1,0075c14603d80515e20908c156ceb47b,655220df33262c7e0c4949a147366f94,2026-09-01T00:04:20.408Z,61.8,15.71
d17c6485-105d-4c3f-bfd6-0afb111df4d0,2,421fbb32d56489554d727fbd4b2fa65d,26d8a1c7c75d513045798992ead43aa2,2026-09-01T00:04:20.408Z,292.24,18.68
27fca18a-0d85-4614-bc1a-acd057596ec0,1,19732aba12eb262beb9140786ec093ce,e48cc16ab70bfa09e1401740dce0b3d7,2026-09-01T00:04:20.408Z,219.39,5.51
f697ec89-f1a4-4748-a1a3-ae35c4e07e61,1,41fa7e83aa499518d6e793a30a1ce242,b5f49fe968dff6b112861e6cd8e192ef,2026-09-01T00:04:20.408Z,22.32,17.24
f697ec89-f1a4-4748-a1a3-ae35c4e07e61,2,4b2772e2e34787603725226af352e466,38af8acfd46ac4a7bf754e8ca6736664,2026-09-01T00:04:20.408Z,166.26,16.46
f697ec89-f1a4-4748-a1a3-ae35c4e07e61,3,c91a4838537a5f096143003b1a72ec58,ea8482cd71df3c1969d7b9473ff13abc,2026-09-01T00:04:20.408Z,108.08,1.51
2f859d53-b26c-4c5d-9b63-7abd69ed7fd2,1,685c297d0eda4eb885028d8699df7a8b,41c9d3997dd3c072c31139dc5bb5761f,2026-09-01T00:04:20.408Z,85.5,9.71
9f0dfda4-b16c-46a1-b125-e166c0496c71,1,912ab68074130a81d1d94f48b67150a2,59bbc819b99a733f02f0d6b49d1c253d,2026-09-01T00:04:20.408Z,171.35,20.13
dc23fd3a-84f2-4743-b9a1-16b989b24b14,1,15d46964df616d5206807cd84b95b73d,538caafddff204241cecbf3a02e6b3cf,2026-09-01T00:04:20.408Z,97.01,22.04
accdcb2e-25ef-4e13-b3c4-0806f85d1353,1,57fd9b6a2704d7c8c9c82380c2e60f83,8a43128d7f9a3db592b866e6861a6cce,2026-09-01T00:04:20.408Z,90.09,29.68
70f5b1b7-e83c-4d6d-8214-a535d8744192,1,351358ab05b8025c4314bcf20f851701,7e93a43ef30c4f03f38b393420bc753a,2026-09-01T00:04:20.408Z,45.67,29.29
88f9e33b-cd12-4590-8a4d-f6d17f3b42e1,1,351cd19d35f2421c5419da9032a19856,66dc1b1632bd6a3e508510c5b3492107,2026-09-01T00:04:20.408Z,113.9,27.85
88f9e33b-cd12-4590-8a4d-f6d17f3b42e1,2,e1963d980dceccd99cce847556e111ae,8b87cd0d43d49b9bdf40f56229364d59,2026-09-01T00:04:20.408Z,405.08,10.17
88f9e33b-cd12-4590-8a4d-f6d17f3b42e1,3,1ec486885049bbb9b79351d150ed18c4,d93b8458c6fe139d85cfa5eadbf55bd2,2026-09-01T00:04:20.408Z,185.36,17.43
274c5a45-31f3-4703-b1db-a52a33a7b2a4,1,e9b2560544c293e02f2b966041e10f24,d6ab728cf30867cf3f1a2e216ae2f9b7,2026-09-01T00:04:20.408Z,333.8,32.17
274c5a45-31f3-4703-b1db-a52a33a7b2a4,2,81f869ddb8b8e77514002be908adbacc,c004e5ea15737026cecaee0447e00b75,2026-09-01T00:04:20.408Z,184.31,14.12
7c984243-d945-4558-b8f2-bf1ad5ce3aeb,1,5bc5205ae68bc0e9997e05fa59b06194,59b22a78efb79a4797979612b885db36,2026-09-01T00:04:20.408Z,155.26,23.74
01aaac9a-e49e-47b6-a5c2-1181d8f49579,1,7f5e70ec16684ce95216327ff5f8dae8,5acd070dd3fe441bbb2ec1f1ede515ee,2026-09-01T00:04:20.408Z,216.22,34.6
01aaac9a-e49e-47b6-a5c2-1181d8f49579,2,81fe540cb0119e1d4ef5f191701b3cb9,a478c7961d6a992065b24e63b366f90b,2026-09-01T00:04:20.408Z,35.14,10.94
01aaac9a-e49e-47b6-a5c2-1181d8f49579,3,19da2bf3225b2f11d5c3b2597576ea22,b5d034ac251546e25afe9067f05c1539,2026-09-01T00:04:20.408Z,85.75,5.78
582a7463-18e4-4f3c-940d-3120f2bc67fc,1,1ceecf723e6b304ffe1822e9f375fbf1,fec8cd45395b3cb0c2b173d7739706a1,2026-09-01T00:04:20.408Z,137.35,18.43
582a7463-18e4-4f3c-940d-3120f2bc67fc,2,25bf7c5e5f9d008845212122805014e5,2078fe5066350e7d220c0ad3a3bbc6c1,2026-09-01T00:04:20.408Z,23.64,11.94
d202b08f-c043-4f36-98fd-ccb9d0bac1f7,1,7dda94d5b1861c308661fedb3944df60,9853a239ab7b7ebbdc3a21248d5b8e1f,2026-09-01T00:04:20.408Z,28.93,12.5
1ea0918e-8b34-40b7-a2af-5927395b91ef,1,98d3d093647c91f5bd575773f6eab9e1,bce6a5ecf98e99fd2a8868b15c51f04b,2026-09-01T00:04:20.408Z,176.9,2.21
7776c711-fabb-442f-b986-31e4b29a3a7a,1,a2c98a9d7f6f4906717d7994e8a32e7b,821fb029fc6e495ca4f08a35d51e53a5,2026-09-01T00:04:20.408Z,222.49,22.76
6c0f84f8-61c0-426c-bb79-dcad6bc48de6,1,0b118a49dedaae5a3d10b55467aad998,dd533b429f380718b70ad9922c294bae,2026-09-01T00:04:20.408Z,533.96,31.39
d9c8682b-8d19-4f72-8351-b03288edafb3,1,fcb7e7f24f5e50c7786b39f30d5ae704,febab0275244b9a49a623f0bd613ca2f,2026-09-01T00:04:20.408Z,93.43,27.69
1e780c5f-8440-4f87-a028-686c7a1db25d,1,2fb86e1c12f26a5878c7f4db9d0b7e80,4f1f1c8666cdb6442f775c4e8caed465,2026-09-01T00:04:20.408Z,24.09,45.4
9f5a20c9-7d1b-4ab0-8781-d1bdfaad8ef7,1,ed63424b3f5b4d29c94bbb3d965240f5,edc518ba25576a0188a0e8f2c3af186f,2026-09-01T00:04:20.408Z,133.78,31.33
6b3de1c6-45ba-4e5d-8e21-3e9302ca854b,1,b2a64b4fda22208e4da85dd69e895ec4,e09887ca8c7bf8a4621ce481820414ef,2026-09-01T00:04:20.408Z,262.5,5.35
0cb498bd-19a7-4a89-92ba-4f1cd651bd76,1,d2f3685018eaf6e36c6ecdb512753075,6562efe88ce0826a4ca4f189f03b4b84,2026-09-01T00:04:20.408Z,104.03,24.34
3d57847d-8606-4ddd-859c-6a268011a06b,1,bc0d2d816d425e6ce3e80d8b9887d324,f7ccf836d21b2fb1de37564105216cc1,2026-09-01T00:04:20.408Z,51.39,23.51
3d57847d-8606-4ddd-859c-6a268011a06b,2,5c5378e8476e24c149e5b2e678ff4212,c9a06ece156bb057372c68718ec8909b,2026-09-01T00:04:20.408Z,378.79,32.85
93b8e25b-d57e-47a7-84ba-6cb6d9d5ddaa,1,5f90a946d1d1d997e9f4f85cdf90ecfd,8f2b51a30523cdecddc2f179f351c7d6,2026-09-01T00:04:20.408Z,542.01,32.98
6b73ae63-b1f4-4373-bfed-38a4ced1d831,1,c3f0567155098730c30259bf19b54fdc,1d0997ff06b524ce9289ffd75114ecd3,2026-09-01T00:04:20.408Z,125.64,33.08
6b73ae63-b1f4-4373-bfed-38a4ced1d831,2,d79269e0532dd1d04403600e14565046,8e4f041ff58e7845456d3482524014b3,2026-09-01T00:04:20.408Z,78.94,9.3
a46a1f60-e928-4ce6-b064-a60c76305a28,1,ade1e672b7fac77461fdd5d77612e45b,3d4b1ae7539303b5704493798893e82c,2026-09-01T00:04:20.408Z,16.52,24.6
ea29cd95-d315-427a-a546-ab9aa2d02604,1,cb17b798ba889575385281b7ec2fc22b,56f413900b5166ab4d730e9ac0b12cb0,2026-09-01T00:04:20.408Z,647.04,32.69
ea29cd95-d315-427a-a546-ab9aa2d02604,2,db666be3f0d386b173b91c54e6824e05,094ced053e257ae8cae57205592d6712,2026-09-01T00:04:20.408Z,360.7,32.31
1e74adbc-8552-4f4f-980c-3ac05677f4df,1,236e1b991bd45b40f2f732a22d39f6cc,3ac588cd562971392504a9e17130c40b,2026-09-01T00:04:20.408Z,5.0,21.28
1e74adbc-8552-4f4f-980c-3ac05677f4df,2,4ece875799f8eacb00dc13e93d0a2fd0,8160255418d5aaa7dbdc9f4c64ebda44,2026-09-01T00:04:20.408Z,460.55,22.13
16482948-8cc1-4155-81cd-e688378fe632,1,bff2390f68a7b76b01ef61b684888261,bcf5566870987da7bc811fbc8c5b9fd9,2026-09-01T00:04:20.408Z,203.51,16.98
8f1ad3c8-04f7-48a9-82aa-de9390683668,1,3ef787b4af18c9a34154a46928b09b24,eeb6de78f79159600292e314a77cbd18,2026-09-01T00:04:20.408Z,238.01,17.75
732f3cf7-02f7-4c45-87b3-4640dc2dc8e9,1,cbff74049dbad803004f05ba4197e540,31ae0774c17fabd06ff707cc5bde005f,2026-09-01T00:04:20.408Z,414.87,33.06
aac243f6-6bd5-409a-965a-d55296da5370,1,7ae5c4294636a8ccd3d8574daa6d7d21,6e864f5c4669eff3d98140a07cc50202,2026-09-01T00:04:20.408Z,158.18,14.86
aac243f6-6bd5-409a-965a-d55296da5370,2,503976dd917f8133babc4f0492a0e938,2dcf93836ae3ce0d7c93e2f10876467a,2026-09-01T00:04:20.408Z,150.72,24.29
0b9a2fc6-b787-4397-8a55-f308652d18d3,1,7320ebe51211feb87fcabba5e645353a,1d139e3a3b14025640d8df1b230aace0,2026-09-01T00:04:20.408Z,272.18,19.91
0b9a2fc6-b787-4397-8a55-f308652d18d3,2,448f0791c4d2fc5d250a401edfc208d4,ff1e15b778c700abdd4d239b81ac466d,2026-09-01T00:04:20.408Z,109.85,14.92
042ff896-b7c3-4387-9e2e-2ca24d4540e0,1,26479f7e6b832d2e19a14dd8393bb30f,f25e239052084705e17a982bc600ab2a,2026-09-01T00:04:20.408Z,499.97,25.33
049ae63a-fb7d-4853-8c2a-f171dfb0ce42,1,91472a5abca63bed91ade04c71c203ce,41e0fa5761c886a630994a55c12087e7,2026-09-01T00:04:20.408Z,164.33,8.81
407e3a5b-c15e-4ca0-b013-41fb2832033f,1,f55cd6a68f96c3041176998ce1850ff3,e94b64dc6979b302a5a5be1662c83bb6,2026-09-01T00:04:20.408Z,5.0,5.52
9d9e9bbc-a7e4-4a85-83bf-f17e26eb7f20,1,e134cbe135ee33ea460b71bfd96a38ed,ede2977fbaf3738583170735ca403f6c,2026-09-01T00:04:20.408Z,106.92,15.5
b4e55a20-6055-4663-94c0-fc77228338a0,1,b4ce8d32dea944f1720681420c4cd5ef,5741dc2bf5044c34d0698681c5081bed,2026-09-01T00:04:20.408Z,8.7,0.61
8b31f804-6aba-4fd1-a1f2-1c254791d475,1,146eb6d2e5e311d926d672b5b25d3f4a,ba5daa4041e1f15cdf34b76e3e18a450,2026-09-01T00:04:20.408Z,35.43,12.04
7c9b9fcf-6742-49ce-ab08-f50c382dae09,1,99f84efaad4ec3bc71502bb7e6d8f8e8,ad781527c93d00d89a11eecd9dcad7c1,2026-09-01T00:04:20.408Z,130.17,23.77
cd8d76db-40d6-49e3-bb88-5be1e666a05f,1,620ea491128bf83c51950ac006de001d,4c60877808f4318ef1107fbeb8f89afa,2026-09-01T00:04:20.408Z,387.84,11.22
cd8d76db-40d6-49e3-bb88-5be1e666a05f,2,fdd4f5e099d232bbd0d1fca8eab34172,a7a9b880c49781da66651ccf4ba9ac38,2026-09-01T00:04:20.408Z,336.32,14.31
9358b48a-5422-4802-82e8-fdcf33c6d312,1,205604b962ebdae1c924e0d14e6e8ac1,4ce6e5f6c52515177e18c1c9361d8677,2026-09-01T00:04:20.408Z,252.06,18.39
9358b48a-5422-4802-82e8-fdcf33c6d312,2,b6f7a80ce020adcd7918fca6246bf96a,553a440137d6e0cf776aee0bb83ac9f5,2026-09-01T00:04:20.408Z,92.38,23.76
c8285f02-487b-49b6-a024-39ca264057a2,1,1706d1bb420e7ef2404270b38e937fbc,44073f8b7e41514de3b7815dd0237f4f,2026-09-01T00:04:20.408Z,202.99,36.23
c8285f02-487b-49b6-a024-39ca264057a2,2,9eca7d28777e4887c113e775ed3cb87c,95cca791657aabeff15a07eb152d7841,2026-09-01T00:04:20.408Z,5.0,20.0
85ac2bb8-9185-4f3f-9282-9573c857e08d,1,9614dd0585b52cd086cbdcc2dd5fcda4,32b8764b4ef628b53608fc34011fcc13,2026-09-01T00:04:20.408Z,100.28,33.16
91c493ca-4c59-46db-955f-9a9cfc58a8c1,1,321fd48981c751663bc43487274e7609,fd312b6bf05efac6c3772d5b52205d8a,2026-09-01T00:04:20.408Z,205.27,18.46
91c493ca-4c59-46db-955f-9a9cfc58a8c1,2,7698c2e9ec5dc2b70af8c1c8ac245cae,0ad80de75c811326389cfb1daba7d45e,2026-09-01T00:04:20.408Z,232.29,12.56
e28f0d61-8877-4664-a746-5286fec8b1b7,1,25e92e61080ad303ea52797f2879577d,2a61c271b1ac763450d846849783e922,2026-09-01T00:04:20.408Z,64.1,3.42
5e43be69-1e9e-4c73-a6d8-beaddd36edd1,1,6610913b9a847f8fc5f66f13dad12680,a3fa18b3f688ec0fca3eb8bfcbd2d5b3,2026-09-01T00:04:20.408Z,198.33,17.08
4caa0599-4135-4cd4-9c79-97674963df2d,1,42283300f3811baee739f5f6edc6feee,17f51e7198701186712e53a39c564617,2026-09-01T00:04:20.408Z,368.3,5.33
bca3b9ce-dc70-45bb-8b47-440f01fc48b2,1,5096e827f6152df3974343e735a52dc9,8ca1551acf9832a4cf467bbbac15851f,2026-09-01T00:04:20.408Z,66.81,3.31
d3b52fd2-cf51-41ac-a2ef-5fce3a22440b,1,a15b46c05a4d311665eac6750b3e4030,557f22c76691849db52d2abccf0015d0,2026-09-01T00:04:20.408Z,217.97,18.96
43070de9-0b18-4f9e-bfed-99f859938ec7,1,c0704b7b41d23540e8576c5e84484dcb,9c57bc60cfad5ee62d35d3f1ce4593a1,2026-09-01T00:04:20.408Z,110.09,23.69
383733bd-a461-4b7c-9cf0-eb4efd19e540,1,f2169c25db6a579fde210bf8ce7ce9d7,422be4cc81a457fdb46f47edeb968ae5,2026-09-01T00:04:20.408Z,290.88,19.51
d3bfd55c-c7f2-4d03-9d03-7fb2a4eff7e6,1,4f90c408cc89d73465ffd286ac21ae4b,bec568278124768c474ee90971ca94d1,2026-09-01T00:04:20.408Z,183.32,26.44
d3bfd55c-c7f2-4d03-9d03-7fb2a4eff7e6,2,3e43be936ce46c0ea61fb7aaf746fa17,3338e7a0710a195872be80e0d2423867,2026-09-01T00:04:20.408Z,179.1,30.72
4eb6f00a-fc34-46aa-af44-95a890fed0f5,1,a17923e795430dfd9d8e9d5bf444cee2,17e34d8224d27a541263c4c64b11a56b,2026-09-01T00:04:20.408Z,124.01,13.98
c2484cdd-59af-4aa0-8283-8bd8b7190eb6,1,f6ded594ada4d7ad32d68d6c57dcb417,039b29ff3b3473435d0cd59040575de9,2026-09-01T00:04:20.408Z,343.62,3.07
c2484cdd-59af-4aa0-8283-8bd8b7190eb6,2,e7dc0d1ff0ef8f441666bdc5210f4e87,bc30de0d71bd6260b936a026b5cf7200,2026-09-01T00:04:20.408Z,174.62,18.5
c2484cdd-59af-4aa0-8283-8bd8b7190eb6,3,b143192e3491149ed56551284da70b15,542917da124346b47ea1ac79a93ce454,2026-09-01T00:04:20.408Z,332.65,14.11
6c03c167-7b1f-483a-afc7-7f5e8b5e818a,1,e988092a8afe5d9393a5c3a7ca17691c,5075aaa8404020ae6aa8bf4792099b41,2026-09-01T00:04:20.408Z,294.72,11.18
478faf20-621f-47fc-8ef9-4854dff36ff6,1,334f9a7bc70ecefea3a1fc7dd1c7ec76,5eeb9c756d9780b96283e5a2ac6da334,2026-09-01T00:04:20.408Z,173.51,16.4
31c2f6ce-b117-46af-aebf-0c629fdb1334,1,3f602d35212cda35342fc92d0ebc32e1,fc6295add6f51a0936407ead70c1001d,2026-09-01T00:04:20.408Z,116.11,16.33
edac91d2-398c-4381-b539-e451415114c0,1,15be8ab92cd1c32b16ff30292ef39991,961dff0a659b4561334372337dd897d9,2026-09-01T00:04:20.408Z,167.24,17.0
ce48797d-ff45-400a-97c2-6c972e68604f,1,fec85e6c0eab9b4bcddf9ccd917c80bc,a20d8058c866dbaeca014d2cd20ac62e,2026-09-01T00:04:20.408Z,5.0,1.32
ce48797d-ff45-400a-97c2-6c972e68604f,2,41817d1d44000e3105f24470a5224bcb,7caa63f175b1cecbfaadd8b5ab9998c7,2026-09-01T00:04:20.408Z,96.52,11.6
ce48797d-ff45-400a-97c2-6c972e68604f,3,af4d2eba32e1b183e1934671e7683d20,7fdb0720c8d7c9075538b365dc8c3a22,2026-09-01T00:04:20.408Z,91.1,24.89
9a705f3d-0e91-48ca-a7fb-0880d3039c9e,1,4c66239e4d8cc4dc99335ecae8218294,3fefda3299e6dfaea3466ef346a3571a,2026-09-01T00:04:20.408Z,92.39,27.14
276c34b6-99d3-4b11-8165-e3d3a2bbd2ad,1,9f2d98026e781b854b26e7551b263a6c,db7ed69a53aa9fb1c01930ba54a88bbe,2026-09-01T00:04:20.408Z,138.12,19.77
276c34b6-99d3-4b11-8165-e3d3a2bbd2ad,2,6752b3102ab2c1712dcefe29fd7379c1,b6d44737c043328708f6749c2dbe50bd,2026-09-01T00:04:20.408Z,212.78,21.57
02260b43-c63a-4094-9800-03e2703b6016,1,fb4fe6c3f949da5331edd51fa1e1d3e1,3d68c634a99a1ba46dbca3967a69c623,2026-09-01T00:04:20.408Z,31.27,6.1
02260b43-c63a-4094-9800-03e2703b6016,2,2a0c7978182ff664a3bc452b7e5f0b6f,74871d19219c7d518d0090283e03c137,2026-09-01T00:04:20.408Z,38.83,20.79
9a7d615b-531b-4db7-ac99-49a34e122925,1,3b123ae5d71b7b0d1b2a3f47c00eec8b,b1aaae6b66ad3c40f54b389d7ea4bee0,2026-09-01T00:04:20.408Z,188.17,21.43
3813bf9f-c656-4778-8468-c4fb2d97f101,1,75747bce1abad71ec9edfb9ca6dd509c,9315e491484b1b0081ca166fc164108d,2026-09-01T00:04:20.408Z,333.63,32.13
2ec37350-d0a2-40fe-85b9-b078c78e6fb3,1,c654d5057f4120825c0e11665770b56d,5e106d93b717c2682b9383da480364a1,2026-09-01T00:04:20.408Z,228.53,21.95
2ec37350-d0a2-40fe-85b9-b078c78e6fb3,2,c49c7c01a63850cb995c304b97c11bcd,113e3a788b935f48aad63e1c41dac1bd,2026-09-01T00:04:20.408Z,281.08,19.64
25900375-a813-47f3-a2af-d1de6767354c,1,0daaaee8a33938591e1d5b980e65046e,71593c7413973a1e160057b80d4958f6,2026-09-01T00:04:20.408Z,207.05,36.07
1f90b389-4813-4685-bdc1-cc44000b7dad,1,1c3872bb3c0bc580a0f1cd3f1cc869c5,7a425d299613df3e613bcf9d2eaf5c49,2026-09-01T00:04:20.408Z,47.03,16.29
1f90b389-4813-4685-bdc1-cc44000b7dad,2,c73628b1c3144b2e0c9c88072f21a213,e96498ed8daaa3e9c23f7a62da76591c,2026-09-01T00:04:20.408Z,208.11,16.91
3be9bbe2-cb18-49aa-8643-5ee06a6d3416,1,53fda2e4872a41ed984770d4c60a5211,61f159ef6da2d441951d2c0efa719362,2026-09-01T00:04:20.408Z,144.16,1.49
8437efe0-bcb7-404c-990c-673e6292b750,1,da7813106f94601e6022f50017299e2f,446cc09cdbb130904da114e807dbec40,2026-09-01T00:04:20.408Z,178.05,3.88
16d2c385-e424-4a13-b7dd-85640c0b1046,1,f1046cfbe5f31056cabdda08ffbbad6e,b67d6c666e8dce1d078c882825e12704,2026-09-01T00:04:20.408Z,47.58,20.68
b159272b-84ba-40ca-832f-34dcf514d431,1,8ffc89162cccaef5a98a4c0bcd241a0e,c70c1b0d8ca86052f45a432a38b73958,2026-09-01T00:04:20.408Z,81.72,7.55
0c50176a-288f-4dbf-b336-bc28db8d9508,1,e6fd80a00ebb1a3e0d58a38555fbbf2c,3da38366e7bd9baf6369071f782ecdf0,2026-09-01T00:04:20.408Z,21.51,24.64
379aa1bd-91eb-4c0e-915b-7dad22b27bab,1,b370dd237db6a8a0bd74a6da9e367a80,2dee2ce60de9709b1a24083217181a1f,2026-09-01T00:04:20.408Z,368.48,19.07
9cdf14a1-169a-45cd-94c0-bb54e7afac31,1,0649f548e3fa70d40eb8fd98ecfe6322,1fe61aa5494bd3ae92a2c13e067c810f,2026-09-01T00:04:20.408Z,16.49,15.39
8bd88fc8-890f-4ddd-902e-03d18863952d,1,e641658c6c4f39509609041a4c1443ad,6f83d9e4da896daae20b9b6b2d3ff8d2,2026-09-01T00:04:20.408Z,142.99,23.94
8bd88fc8-890f-4ddd-902e-03d18863952d,2,312fc7ec4c5f490464a4c9b3132c8ae3,00fc707aaaad2d31347cf883cd2dfe10,2026-09-01T00:04:20.408Z,383.35,25.06
252e9ff6-dfd7-447b-9ad4-555c827f1655,1,6647429facfcec3f6bb7162c85985c6b,bdf0d02d36a1d839d0c39c4a887cdd49,2026-09-01T00:04:20.408Z,276.12,27.78
b0cc93dd-9562-4a51-9283-b6e80e975f3f,1,415a910fc2d4976a0c0f7c86a1c1d129,98e164d549402270247f3c96a1a158ef,2026-09-01T00:04:20.408Z,362.03,20.1
b0cc93dd-9562-4a51-9283-b6e80e975f3f,2,6ef76b1a0c15eb96ed49c78d38f37b68,5dceca129747e92ff8ef7a997dc4f8ca,2026-09-01T00:04:20.408Z,85.49,14.65
4d804bc1-677a-481b-8cbd-6f7f5ea86db5,1,85567ceb8a1521a09cdab785ab726b03,1992f8fb6b19fcccd97ca819811e7267,2026-09-01T00:04:20.408Z,243.51,36.2
4d804bc1-677a-481b-8cbd-6f7f5ea86db5,2,b44076f8988fe82b676a754e798ab0f9,b77a27b1864483e721dc831d5ba4afa0,2026-09-01T00:04:20.408Z,302.11,14.64
4d804bc1-677a-481b-8cbd-6f7f5ea86db5,3,c6fdec160d0f8f488d9041316c85051d,244b04680fdbded0acf5aebd9c92b44a,2026-09-01T00:04:20.408Z,139.1,17.7
08394a71-7c92-47d5-a97e-0fcd3126769f,1,17eaf73dce768e344cb5d1210bea1da2,4a1917ef994878940e1fb03eeb787ad7,2026-09-01T00:04:20.408Z,368.36,24.62
08394a71-7c92-47d5-a97e-0fcd3126769f,2,35f2f253dd0f52362515bb0394741a84,c66dccfb3f109511246da627dd5a2498,2026-09-01T00:04:20.408Z,205.09,6.98
08394a71-7c92-47d5-a97e-0fcd3126769f,3,d73f1e4ad0322d8442fc9591505381aa,5bf397d04035b5f45cc41e82ec106803,2026-09-01T00:04:20.408Z,238.55,28.36
b5225ec5-692e-40fc-9400-9595d5ae2e89,1,71fc2a7d96a222b04e4131cfc006f265,6d22a1fcebb6dd08c9cd90b92a93e8d0,2026-09-01T00:04:20.408Z,29.52,36.96
7f434f73-66fa-4353-b648-474d32ad6111,1,93c902b021a9e594f658ab1b0351602a,f76a3b1349b6df1ee875d1f3fa4340f0,2026-09-01T00:04:20.408Z,101.02,21.42
3e98d16a-f6ee-43e6-8afe-abad58fb208f,1,c1cf541d5b33a4b04ddc1c3be7aa1c86,37dd29b36c458d82f74a953c40c43645,2026-09-01T00:04:20.408Z,212.66,1.76
3e98d16a-f6ee-43e6-8afe-abad58fb208f,2,539025c69ca8d9160f0ae5190741ed74,13d058e4eeac2ce8217660b2f8a05812,2026-09-01T00:04:20.408Z,313.85,36.02
3e98d16a-f6ee-43e6-8afe-abad58fb208f,3,bc107cfd28a282c85b28e7054aeb729d,dd5450b022b2d00a2145a66331e1aef6,2026-09-01T00:04:20.408Z,333.0,14.81
c00acfcb-100b-4faf-870d-b54708895b45,1,e0cf79767c5b016251fe139915c59a26,cd2169d9f31ff6fbb9ca3373b0c9e354,2026-09-01T00:04:20.408Z,295.55,14.83
5c1e12c8-3985-4819-90c8-95f90d35d836,1,7d0b7e7fe3e96e047cacafa33a808bd7,15cd6eefe58588619aaed41dfa6621b1,2026-09-01T00:04:20.408Z,64.87,16.49
5c1e12c8-3985-4819-90c8-95f90d35d836,2,cc1cb33bcc814aeaa4631761a34bd23e,9b013e03b2ab786505a1d3b5c0756754,2026-09-01T00:04:20.408Z,375.58,5.49
35e57eb3-8709-4f43-8329-b06f8a035207,1,1f48020881e631a1f4077698cc78204a,a353b1083c9863d756d9404695016d64,2026-09-01T00:04:20.408Z,140.67,25.26
7a72825f-f4af-4cce-ac10-ade386160238,1,b205c1d9481d550412cbac291356e234,ccbd753e6863fe7314dc6c0ca5a074e7,2026-09-01T00:04:20.408Z,59.53,17.45
cbd78aa8-c1f9-42cf-8216-3162cdaf3df6,1,716854aa9d670cabfec04c7eeddd85b8,59cd88080b93f3c18508673122d26169,2026-09-01T00:04:20.408Z,80.37,24.64
3709e107-2538-44a0-bf52-b6d4dbf75ff9,1,16765bcb7b5644f6fd28a40c0cfa2a97,466222e777149751370e7e98fb623b0c,2026-09-01T00:04:20.408Z,243.95,16.91
3709e107-2538-44a0-bf52-b6d4dbf75ff9,2,da2cfe68ae3f2f454b5aba2ee09ab5c4,4f40d2ed38d1cc945364a7cd202a82c7,2026-09-01T00:04:20.408Z,69.91,7.87
030ac8e4-2d03-4721-a748-6590d920846e,1,49f906609418f32ad932aa7a24396268,0bae85eb84b9fb3bd773911e89288d54,2026-09-01T00:04:20.408Z,11.95,25.59
030ac8e4-2d03-4721-a748-6590d920846e,2,4e80e5fbd1f7a5e67501d0e1573abf98,b3f19518fcec265b2e97af287725f981,2026-09-01T00:04:20.408Z,54.56,20.71
030ac8e4-2d03-4721-a748-6590d920846e,3,de9d7e4fe38987a3d5e2cd2bf1cf641e,77a515caa36327151d1cc6c32a9f00e1,2026-09-01T00:04:20.408Z,263.2,23.62
07ba214d-dece-4711-8297-c38cf16e3b8c,1,8484864537e94e2e45582aeb667d0dcc,43402bdf22aa2310e8f99e2f94f78628,2026-09-01T00:04:20.408Z,51.47,23.53
5430ab6d-7ff7-4387-976b-13c4c94fdbeb,1,77cf3aae7aaa73367945ee2b3e3b6776,89a51f50b8095ea78d5768f34c13a76f,2026-09-01T00:04:20.408Z,59.11,9.67
5b91bc12-fa9f-4feb-b1eb-3bc387a5f3ac,1,83d68ad4e5707409089afff26a40b2df,670c26e0f1bf8d0576271d5cfaec6d2b,2026-09-01T00:04:20.408Z,44.9,23.82
db7baa4a-c7b8-4453-bbb6-2506b740a99a,1,c0affe12cfb270f60fdfd2eef4905a2f,8581055ce74af1daba164fdbd55a40de,2026-09-01T00:04:20.408Z,387.65,23.48
db7baa4a-c7b8-4453-bbb6-2506b740a99a,2,a7d3d3e064f3d5311563df3318983165,9d213f303afae4983637247556438ede,2026-09-01T00:04:20.408Z,48.22,30.58
aeb3820d-7c69-420a-aa10-b2c93b3a8668,1,6e97536d81d74f5020c95ca434c850f7,2b5ed0c9139dae8883a200dfcb272ece,2026-09-01T00:04:20.408Z,273.91,7.63
424a50dc-e361-4ea6-835a-16373e78e18a,1,2ec8497962cc5f7730756635a5cbbf16,4aba6a02a788d3ec81c03137144d9a80,2026-09-01T00:04:20.408Z,116.92,32.71
a4709a05-5bec-4484-94e2-a2bab351c72f,1,7947d7b3c612e55b3aff718305774067,b14db04aa7881970e83ffa9426897925,2026-09-01T00:04:20.408Z,110.63,27.2
517b1673-6ed2-4fca-8608-7678e8c8f5cd,1,f50524ec99356b2afcfd21995cd69d9f,1961c3e1272bfeceb05d0b78b5bbfdaf,2026-09-01T00:04:20.408Z,448.78,20.57
517b1673-6ed2-4fca-8608-7678e8c8f5cd,2,8e26479962cb257aba82c608c10469e5,eb5b6204dde3a6e03b5f1bb8479f055b,2026-09-01T00:04:20.408Z,184.77,7.32
517b1673-6ed2-4fca-8608-7678e8c8f5cd,3,dfb1a850d59b126de9fa01dcde19b43d,bac692d6c0ed08467878018e6cc9c26c,2026-09-01T00:04:20.408Z,109.74,7.58
c5d86afe-105d-4720-986d-838c5f9aff95,1,8ec6aedf40e1175c5446134c40931706,5d76d80a2f5f39c891b996a1bf4c9853,2026-09-01T00:04:20.408Z,188.07,23.96
c5d86afe-105d-4720-986d-838c5f9aff95,2,50c903691960bdd77acb82418a4445ec,f9bbdd976532d50b7816d285a22bd01e,2026-09-01T00:04:20.408Z,90.21,46.17
f5968f88-e608-4a29-bc48-8e85e351af7f,1,152d8bb1e16d0a4f567c7cece5e92b6a,3d621842b2ed28e2b474132480edac3c,2026-09-01T00:04:20.408Z,127.09,28.91
ae67d689-58bf-4b0c-99f5-f6166e840234,1,6c023c34df3208adde426d9009a72c06,9140ef75cc8211c4035935e80e567204,2026-09-01T00:04:20.408Z,311.7,24.07
ae67d689-58bf-4b0c-99f5-f6166e840234,2,f71493db6e7483d84f937e1d15eddb38,dd8a29ce82d5c705ba932d81494600a5,2026-09-01T00:04:20.408Z,138.13,12.68
ae67d689-58bf-4b0c-99f5-f6166e840234,3,60184212dae4e6b0da32bf54271a8c4a,eb4a59a06b3948e851a7d7a830bcbc42,2026-09-01T00:04:20.408Z,385.5,18.5
e03d976a-b180-45f7-a24a-b48322e02793,1,752aa5bbc175624474d9dc15558755e1,c5f7e746b7e6d07def6c0dae9903279b,2026-09-01T00:04:20.408Z,12.96,21.69
02e1849e-a0e9-4793-a0bb-a0c93285a6a9,1,332f784cac57e18f1194e8156ad5bd9d,35857757f553273b1056c1cabdace7fb,2026-09-01T00:04:20.408Z,87.18,22.97
02e1849e-a0e9-4793-a0bb-a0c93285a6a9,2,fb92dc4602bd9224e0e267496748afc5,a3dd39f583bc80bd8c5901c95878921e,2026-09-01T00:04:20.408Z,115.81,24.31
a3a0ba0e-7114-43d1-a005-230dbbefd9d6,1,e2de41d7036bd95cd37a7a9f4949024f,013900e863eace745d3ec7614cab5b1a,2026-09-01T00:04:20.408Z,347.15,29.91
a3a0ba0e-7114-43d1-a005-230dbbefd9d6,2,6a22cbce352c158897f3346567488ace,ec2e006556300a79a5a91e4876ab3a56,2026-09-01T00:04:20.408Z,223.3,2.36
a3a0ba0e-7114-43d1-a005-230dbbefd9d6,3,7b4d5bca6951e2d3f89fa2bdfa6791aa,5343d0649eca2a983820bfe93fc4d17e,2026-09-01T00:04:20.408Z,298.25,22.4
1f7b81be-b151-4882-b01f-24e19cf3a103,1,2a9e3d335bbb23ffee8c9da6cecb7bb8,76623fde66e6b63b59440fd34160512d,2026-09-01T00:04:20.408Z,72.51,25.81
1f7b81be-b151-4882-b01f-24e19cf3a103,2,12181424582d4d4233622caeddcae843,2156f2671501a81034d7d07f217609d0,2026-09-01T00:04:20.408Z,61.64,5.35
1f7b81be-b151-4882-b01f-24e19cf3a103,3,6568a6d396e5cc36e81d6e0dd74a26ae,1d8dbc4f32378d715c717c1c1fc57bae,2026-09-01T00:04:20.408Z,256.83,11.28
96669baf-f43b-4a2a-838b-d700b35a3afe,1,756eab67d3c0edae186c4617412c056b,e1c76f339ebd5460999f25a2aa8c92c5,2026-09-01T00:04:20.408Z,402.64,26.05
96669baf-f43b-4a2a-838b-d700b35a3afe,2,dd7c7650c31d56afe11234bfd0a1e1ea,d4828feed4cda2cd9d6b37899a95a71e,2026-09-01T00:04:20.408Z,153.3,22.32
96669baf-f43b-4a2a-838b-d700b35a3afe,3,e3de19106e36f3981c320553135a6610,432c37c9dfba871172ec162e20118b8c,2026-09-01T00:04:20.408Z,5.0,27.27
1b1a5597-a283-431a-b260-9c3567357bba,1,efdd9c83779dc22fdcbfdce64ffef671,0dfbed20065e425d2eaefb101f9816c0,2026-09-01T00:04:20.408Z,181.07,12.47
1b1a5597-a283-431a-b260-9c3567357bba,2,bcc8dd5518ca336cfcdbb681592df5e3,d5c530f4884a75ae0dba9c148718d278,2026-09-01T00:04:20.408Z,128.86,26.79
1b1a5597-a283-431a-b260-9c3567357bba,3,74291f20821eae2aacb949b41622ef52,b76a1f8356322f12529c37b67d5c96c2,2026-09-01T00:04:20.408Z,70.63,5.75
fa9c86e9-a6c8-421c-8e37-2c457460c93f,1,36bd3e4daa4604d112f17dccd24ee59e,c54679b132454625907c773d273d4126,2026-09-01T00:04:20.408Z,141.73,27.32
3d3ad681-0b8c-4f40-8eaf-7ed624f1e26e,1,c18399e510fd09e3186d34f4206109d7,c864036feaab8c1659f65ea4faebe1da,2026-09-01T00:04:20.408Z,175.54,43.5
3f01e4e3-3c42-4700-977d-860ab453234e,1,7281fb0ce17b91ad3102548544f07981,64c9a1db4e73e19aaafd3286dc448c96,2026-09-01T00:04:20.408Z,135.46,13.57
4518eab9-0942-4952-b5b2-fc66542eb2ab,1,ea4d2100b24a14263ce28be19889f035,391fc6631aebcf3004804e51b40bcf1e,2026-09-01T00:04:20.408Z,142.94,15.64
4518eab9-0942-4952-b5b2-fc66542eb2ab,2,71a5f1c2a5fd9889ef26b5ac22aec9c6,101921376b577a4540dc30e9009133ca,2026-09-01T00:04:20.408Z,12.77,14.99
9bae3e08-d6c9-4ff5-a136-e74f73e766b3,1,5538ed283fd2d0e2a1151507e1cbd59c,8b8cfc8305aa441e4239358c9f6f2485,2026-09-01T00:04:20.408Z,200.19,31.2
df218b00-720f-4cd9-aea5-ddf96279ee0c,1,b3716b1e3576d3f2f246139d80c67d6a,7d948535954aaf8c5d39db007f74372e,2026-09-01T00:04:20.408Z,310.35,17.72
df218b00-720f-4cd9-aea5-ddf96279ee0c,2,b4853c75f13157892b0b87a2c9bcd13e,485452467ff670447e84a8370c3fc898,2026-09-01T00:04:20.408Z,339.09,12.08
8fd3cf65-1cda-42fe-8adf-184b1d77a242,1,47610c97b60ace4c786250fe5b4223e3,8c351ed7c326c62123318f4f3246e906,2026-09-01T00:04:20.408Z,39.84,10.53
8fd3cf65-1cda-42fe-8adf-184b1d77a242,2,037aab5faf8d9120659b7c8ea3cf4c12,9c690ceacd5c66731bf443ea810195cb,2026-09-01T00:04:20.408Z,212.65,27.65
9969bea0-1a0f-4617-b054-8803dcf86510,1,6309ecb18b264afd138380fe238589f7,b19f3ca2ea475913750f25a5c37c8d8f,2026-09-01T00:04:20.408Z,376.71,26.51
e2c03678-9de1-4c5d-8bdc-017888d4003e,1,274c0bd39936b237bdb8cee38abf94f5,e64d65bc8dbec2accda90c58de5d1246,2026-09-01T00:04:20.408Z,212.02,26.98
e2c03678-9de1-4c5d-8bdc-017888d4003e,2,416d75e3094f3393b778fd40d52b6089,8c5e007d7bd5693fa1386ffefbc99f6c,2026-09-01T00:04:20.408Z,344.25,14.3
f036920c-9593-433d-aeb2-487b6cd51a4e,1,83e5adb51c0d54eff80057f064f808d2,271c58a1d139c45eaf3316107c6d3a3b,2026-09-01T00:04:20.408Z,52.38,8.23
103d0cb3-3fd5-41be-b2e2-82d91660eb2f,1,256086616d085d9fdedf74f8595f589a,5795aebfe331fbcd02a2c4b679fb7952,2026-09-01T00:04:20.408Z,222.03,21.3
9cfbbfdc-a056-4854-b7f6-cc6869e23e91,1,1bad1f17e229af04d11a788ed2b3553f,0ade5cc4a305ed7093a23f68ca47519c,2026-09-01T00:04:20.408Z,187.3,35.43
ebd78dbf-3daa-48d7-8171-817d26dcbafe,1,d8ec16e6a36ef1ab1a9e68d57399a00e,d93919c944be9cff128f6c9cb899eacb,2026-09-01T00:04:20.408Z,145.03,19.14
1f4f18a2-6caa-4c36-b8a4-92086c685880,1,d8347a6f6301cb4343a6e05e095e5871,dcb7367a92f5ffb89f1e2152ed260285,2026-09-01T00:04:20.408Z,128.45,33.87
ec3bdd81-934f-4676-a215-d750dc71d6ad,1,16ed6a6e3fce23b741650437fe58d65b,ae45ad30c2d2e5913094769690a239d2,2026-09-01T00:04:20.408Z,360.77,22.16
633d8319-0f06-4319-b948-f012a075172e,1,5b951e54437768080925aabe01e24348,530ec6109d11eaaf87999465c6afee01,2026-09-01T00:04:20.408Z,189.26,16.24
33126b5c-0335-49fa-9775-df246a024691,1,3e6f2d0265ff6265eb639a8d3027f5a3,4ebdc7e6cd6102a022dadc49156d4ea8,2026-09-01T00:04:20.408Z,13.51,3.23
7cb21ab0-6534-42fd-990a-5242dce0fd4d,1,6a03d0111afb13361088ed0e23d9ac12,7178e1eaa97257d8b6d4b80efd77a025,2026-09-01T00:04:20.408Z,127.38,15.63
fd864b0a-60dc-4004-89cd-fd03db6f688b,1,c9996076c21558c4878c8d2fed12c45a,b83cedfb587e7911540e3f576d6917ce,2026-09-01T00:04:20.408Z,236.18,28.79
61115ee5-fc26-4ffc-a491-a0f40af43a69,1,9806189f9cb679bcd5326b460c2b9073,575df70bde3f9f2b30bf8d2e9910d725,2026-09-01T00:04:20.408Z,5.0,17.31
bfccb905-0b85-4f73-bed9-f07d08aff30f,1,403f76f6cb6bac59fe7dcb462ec42ac3,3296662b1331dea51e744505065ae889,2026-09-01T00:04:20.408Z,148.58,16.78
9f06012d-b331-4566-9fad-2a12de268d59,1,1891f20b2a27a8b700d7a7ff5a7a0039,1b1ae47a313a825a7ccceb8e2e30fa9d,2026-09-01T00:04:20.408Z,408.49,34.93
4219489a-9eda-401e-92db-ef0745a95849,1,4803f125e17a7b5fc363202349fbf14f,11fb6f6d341adbe19e81733701704635,2026-09-01T00:04:20.408Z,30.86,11.3
8cc64070-73d4-43ed-a525-bbaed267574c,1,11c3ff6555092bf425ea842a023a7809,6da1992f915d77be95d7fa48b36904af,2026-09-01T00:04:20.408Z,166.37,15.62
8cc64070-73d4-43ed-a525-bbaed267574c,2,4a9947ec1fcec2b3321193ed5590e8cb,7f5e4d5efad7e44b91115dd1decb65f3,2026-09-01T00:04:20.408Z,62.72,24.42
4f8da7aa-78d1-408a-acfe-fcf5506b6d1b,1,52f5d8b502df3f20b2aa6370d2cedd52,984c273121e743dd14767befe6cb17f5,2026-09-01T00:04:20.408Z,322.17,35.23
2c56f881-7b1e-49ae-942b-85f992e84ca6,1,cfb2e04130d80dc8944679f3db75df76,4a3ca9315b744ce9f8e9374361493884,2026-09-01T00:04:20.408Z,52.01,28.78
0e4f092f-1f87-431c-8bf1-f54fc425ff66,1,9314e4d46aeb2c297e05d4ed36365efe,d4e12e7884759a14fa0f5f896c791cae,2026-09-01T00:04:20.408Z,244.44,41.38
edd13e24-10b2-4cde-afa2-ba7df9cb955b,1,94c6d48c2462a85429fcc3b6bde00c4a,26d6bbee02420494d471c9f6436929c0,2026-09-01T00:04:20.408Z,298.93,18.48
d443e0aa-e091-4054-90bf-b5c6a88cf526,1,c8b5147de7ed25abf301f8138d4d07c7,3f84fefc07dc159b268d4a77d3e8c425,2026-09-01T00:04:20.408Z,164.65,27.29
faa38aa4-293b-4a97-bf7c-2451092364de,1,dbf4588317c84ec9cde32b033de522e4,45c20d94d9171b0bcfab3c955e47d67b,2026-09-01T00:04:20.408Z,194.24,20.12
8e44a1e0-5cac-4b20-af11-e4b93f97abe6,1,787268a8ccbecd1ae02d8001b61ca46d,e595809a6c31ec4314fd06ef198c244d,2026-09-01T00:04:20.408Z,5.39,23.26
90aee357-e263-410b-9b1f-9630388691cb,1,7d1fc7d682f6a5c8e47437e3540f4415,403aa86912527d730337ffcb0fb096ab,2026-09-01T00:04:20.408Z,150.57,25.62
90aee357-e263-410b-9b1f-9630388691cb,2,0cfc9fea40ee0f7006d150fbdf3fa808,04aba03279157f6d4e0fe8ccaf21963c,2026-09-01T00:04:20.408Z,204.49,9.74
51bef7d0-f3e3-4831-b2dc-df026af4037c,1,061885af8dbda5739d592a153655e574,cb5df0dcb9e280b1780e9d589889f2c7,2026-09-01T00:04:20.408Z,230.45,18.46
2b647231-5b90-4475-9869-4368d0c1bb49,1,3593dd78e1c621dbf0ed8657e8d425f0,7d456afc660226829370f3173d14520c,2026-09-01T00:04:20.408Z,5.0,21.06
4fedc549-618f-4cc0-aabe-ee57c4454422,1,2077f60cc760ebe4b478e0b0711c5218,d06d019f72a04e5497a0b64190af170c,2026-09-01T00:04:20.408Z,129.73,16.04
35f0ec48-a2cc-40f4-ba71-65d1c32e7293,1,d22f287512fb5bda6efc5c8e6216c6db,3ef37b7ca6dd2b80bd8af81a62504996,2026-09-01T00:04:20.408Z,17.6,5.97
77f988f0-2263-442d-b9db-d26028f541d4,1,1a2c16ff559425a46f2eba773fceb91d,cad10cc982ab6a391570c211b995c17c,2026-09-01T00:04:20.408Z,12.87,40.0
77f988f0-2263-442d-b9db-d26028f541d4,2,98001b51c21b1efa6530623ecb0c20fe,f8f35af4634605e6693c17cc3ffff5a8,2026-09-01T00:04:20.408Z,149.57,33.2
3962277e-d3d3-476e-ab4e-e3a98175b9a0,1,e57ef623983cba8948397a3d7d52adc4,c611f4ce9ce875bcc063fa97fd4d7d12,2026-09-01T00:04:20.408Z,13.58,22.83
3962277e-d3d3-476e-ab4e-e3a98175b9a0,2,df2a36e39b65ff56203117e93bcbe20a,154bdf805377afea75a3bd158e9eab10,2026-09-01T00:04:20.408Z,103.17,15.34
7ed1b7a4-c36c-4204-89a3-69fdba033696,1,86d2c13e1ce5c85177a6e7729892b501,7ad32824caee82087b3e2e5f33b1bf32,2026-09-01T00:04:20.408Z,241.72,11.76
3f95be44-6329-472d-a1dd-222b502e7bdb,1,e4db070498b75e666a0736eb2f0abcd4,bd4ff04377f974574f7f0bf9d6ce7dde,2026-09-01T00:04:20.408Z,31.77,2.23
a0efc64e-7ddb-44d4-b120-69ae6c20a95a,1,fe25db018a92c3f4ff5cd5d2e0bb7290,0a198e95d32b1be2da9424c962a6ebfa,2026-09-01T00:04:20.408Z,186.76,9.27
c008c4e7-93f6-495c-9e07-ef92f8921f8a,1,31d6f0a621ee145ae8c70304cf564483,232a6014e7b10cba61c6c2b2ea6bb4b0,2026-09-01T00:04:20.408Z,275.19,26.26
dc3435b1-4cca-4c24-8936-3de85b00c6fe,1,008b51e6be49ee039854b5e35c331b02,dd7ddc04e1b6c2c614352b383efe2d36,2026-09-01T00:04:20.408Z,174.31,22.64
67e0de20-ca5a-4af9-8d18-f08ec656a664,1,fdb86e192fdd20037175daab38af9656,fc5a0d7a310a7a41abf86a458585ff2b,2026-09-01T00:04:20.408Z,118.39,17.88
5478ab88-f5bf-432e-ac3b-b54460ad6f70,1,aa53f25a0966489889cbfa05ad848d4a,d4f91e8be86b38da2ee35bc489645a9d,2026-09-01T00:04:20.408Z,57.92,27.11
f4b72431-b01d-4b50-b973-8076322a33c7,1,70275b3042e4c4b6f18637720387bc0c,1b938a7ec6ac5061a66a3766e0e75f90,2026-09-01T00:04:20.408Z,123.29,12.56
34345c8a-0f53-4f29-997c-1b9d6e20ab5d,1,a02d0123079f4ae96001ba2010d1a2df,9dda5bbacd45e18d6485fee649205d09,2026-09-01T00:04:20.408Z,137.93,19.13
c7d6fd5f-17ac-49b1-80c3-e41b4f648260,1,8eddc081294df4f0672aedec8a5b249c,2f4b0d3b9634b647d4edee577d7ebb7e,2026-09-01T00:04:20.408Z,299.83,21.98
e8fbf042-5fbf-4527-b873-6fc62259bfa6,1,ad84bd53f52aaacae7a40027842ab970,f457c46070d02cadd8a68551231220dd,2026-09-01T00:04:20.408Z,149.41,12.62
04c7b62f-282d-4f3c-9efe-bd5658b07f2b,1,3572a945e47ca64e7796603040878145,20a8b0dc55da94fe74d112082427c84f,2026-09-01T00:04:20.408Z,191.83,29.86
04c7b62f-282d-4f3c-9efe-bd5658b07f2b,2,82ed1009173f99aeacc5499e24e9a7a0,4e6015589b781adaa5ce7f1892d06bb1,2026-09-01T00:04:20.408Z,106.71,18.03
b0d381e3-5b49-4ca8-bc8b-033c727e8cae,1,da5220901a7753c4ebfd78f339e051c9,bd0a1b0aadca9a83d9304f7e8ff5fbd5,2026-09-01T00:04:20.408Z,289.35,10.84
ef1ae339-40a7-4c23-95aa-1e60c6a058f2,1,b551128533846968d8752358d1f7f365,3986c0b54f6b748b75e7bd4e092aa3e5,2026-09-01T00:04:20.408Z,231.33,17.91
733c1af7-644b-4dd3-9cad-8f814bca8210,1,ed2067a9c1f79553088a3c67b99a9f97,7a9c12e235c36247c3c81f50d6ea9cea,2026-09-01T00:04:20.408Z,262.95,24.25
7917e09d-2f01-4e97-9782-dcdb4977b188,1,ca86ba8060f4ced18a06aabd5449028c,4dc646b9b9e8e411ef48ba000ea3ac6f,2026-09-01T00:04:20.408Z,376.4,56.54
50b62777-3aac-4c9f-a1a0-608858eea7df,1,332ada06f1c62d8a675e44330d53f785,e8ff5a6ceb895583033fc2a0f314e3c2,2026-09-01T00:04:20.408Z,8.41,35.02
50b62777-3aac-4c9f-a1a0-608858eea7df,2,acb11dae3b9cd1cb63995716d264271c,994f04b3718c2bab35c2adfa8afecd2a,2026-09-01T00:04:20.408Z,375.15,17.36
bbf2feba-e618-4914-87b7-8c6599ad2617,1,4fc82a921b5a266beb6ec10c52342155,10264f60a8f0a4d2f30810f5c661c673,2026-09-01T00:04:20.408Z,11.19,10.54
93ee90ec-6b9b-4f4a-a57a-7462dd908835,1,12cabe5229bf1f037e257f645f04caa4,75a4764c108403a7a0575140cb22287c,2026-09-01T00:04:20.408Z,87.39,11.57
5159942d-e2bb-4e9c-ba2a-1274b5438698,1,e37522e3e9aaee5f8831b244b3efd218,2d378dbb39815785238c0139c7647fb7,2026-09-01T00:04:20.408Z,130.74,9.55
4144ab14-5c58-4f16-9af3-969c8e77adb9,1,b4decdbf54d275fc3c56ade817a12f29,5b581417df4480f632484ba681e53944,2026-09-01T00:04:20.408Z,283.38,22.72
4144ab14-5c58-4f16-9af3-969c8e77adb9,2,019d8b8866a5555ac955b45ffd35e039,8b2d4ab22f42c5cfc338b846decfda60,2026-09-01T00:04:20.408Z,5.0,19.52
7201ebda-c421-4164-bc45-f3504c992f32,1,63a02e48edbe315a16efcd9c9a389785,90b57083da5d803237da74daec6dcb2b,2026-09-01T00:04:20.408Z,225.65,8.15
a81f364c-2400-4e18-beee-4f414f47d6bb,1,cda3337475782af1a6a9e5580ca94b7e,2cb6eb1b7185064167657fa09f541105,2026-09-01T00:04:20.408Z,139.59,26.76
490cbe58-5798-4adf-96cf-1db559388a01,1,11b906b2a09fb80668f4478dd3f9c324,d624126b9206f595fb3fbb6ba03b28a8,2026-09-01T00:04:20.408Z,170.3,19.85
b0ac6687-2f5a-405c-a3ab-b923c806e4cc,1,79b34bfd104ba0110090a32b86572944,bd43e172d599bed47a85da877172ca8c,2026-09-01T00:04:20.408Z,78.23,32.54
b0ac6687-2f5a-405c-a3ab-b923c806e4cc,2,726838a1b5bdf32e2fc8010f0807bd46,31344c16881c08a8a72c6d2eb29918c1,2026-09-01T00:04:20.408Z,343.21,27.12
fe7a82da-35e8-4a28-80ce-108dece6548e,1,77b61edc47d5dda4e6fb3568962d3e63,97e4a63591ca439a2b8b7efd20e6e19e,2026-09-01T00:04:20.408Z,207.68,17.11
28e6532c-a375-4923-89a5-7a1db4305f41,1,32252579a719da7dd2ee115f07dfd03b,1f867308a0ce13133a4e639ff4de0c02,2026-09-01T00:04:20.408Z,62.04,41.24
ce6aa97f-baef-4fb1-9f2f-f9fca5f6296e,1,3e6c4215625c463bdeb0cba3ec9ceb01,1444c08e64d55fb3c25f0f09c07ffcf2,2026-09-01T00:04:20.408Z,388.81,32.82
ce6aa97f-baef-4fb1-9f2f-f9fca5f6296e,2,63bff8e34e5c639696856394be9a9ac1,daeb5653dd96c1b11860f72209795012,2026-09-01T00:04:20.408Z,70.44,13.78
08be7725-b49d-43ad-9e07-804852d09312,1,eace264775d7cb8c0ec565d7746f661c,70c27847eca8195c983ed7e798c56743,2026-09-01T00:04:20.408Z,109.89,24.49
0ad83742-bec8-4bc4-8f26-1a9f149ccb52,1,2af11c7fa2cc165b8abc3a92127a2710,f3055483058c84d75ca2a3314fb4deef,2026-09-01T00:04:20.408Z,148.86,22.67
78fc0e7f-0d08-4cee-82f0-062c80bb347c,1,a95db8c4b3cfdf4a5d518e0d738e4374,78a4d36f65a019172c6154468831a69f,2026-09-01T00:04:20.408Z,150.84,35.66
fcd4448f-79ef-4544-96c2-4e7de6aa2164,1,359b8de33f4e2b77eac2667fabfd2122,f7c31656c19db6275a8acadca289f426,2026-09-01T00:04:20.408Z,50.61,14.89
f7d3f9e4-f73a-4a47-b37e-126d47164883,1,04162d7f092b675a184e76e91fd521d4,b566ab0ef88016e00422755e305103c6,2026-09-01T00:04:20.408Z,139.75,32.05
0a1168bf-9dd4-4cd6-aabd-f43268feb4cb,1,a5502e9954017124d95f7bce4c89d339,b2f4d63c7203f539a78252565ca32257,2026-09-01T00:04:20.408Z,106.98,6.66
95b83a4a-4360-441e-9e40-7badbc0e2ebd,1,095cb863f2b04911455ad33f5177062e,93dc87703c046b603023e75222018b45,2026-09-01T00:04:20.408Z,7.21,0.92
95b83a4a-4360-441e-9e40-7badbc0e2ebd,2,5d8ad55d3f8971622b53ef88f1229af9,6ba4733aa33f6386e9fb0c0fd3993b38,2026-09-01T00:04:20.408Z,150.93,20.7
95b83a4a-4360-441e-9e40-7badbc0e2ebd,3,495f9290868e1bde785d3c372608ad54,6650fcccd8cd2f7e55ffa524f30c4c59,2026-09-01T00:04:20.408Z,227.91,11.75
3f22d942-28c4-4754-b27f-bd3721195bdd,1,f03a17295cb505e5cc28920af1c36739,d3f39f05462b79a4562d35893a28f159,2026-09-01T00:04:20.408Z,6.19,17.87
0b6ba4d7-2e38-4530-bed8-160737d40dac,1,d4fc5ba3bc5d9e1a43cff83f4c454184,02c988090b766852e088c69d7fb3b551,2026-09-01T00:04:20.408Z,24.02,29.77
0b6ba4d7-2e38-4530-bed8-160737d40dac,2,f908df99196805b5bc4ada9ef510b11b,c542f5a8c64d973f30e9df8d06f70b4a,2026-09-01T00:04:20.408Z,541.03,26.62
0b6ba4d7-2e38-4530-bed8-160737d40dac,3,ad52cb93ae060c9bdd776831a915e94d,e9779976487b77c6d4ac45f75ec7afe9,2026-09-01T00:04:20.408Z,168.63,18.18
db9da879-fa50-4e99-bac5-513d5664d192,1,3d7e90a312a036ed4ae2ecd2a459a629,9d5604a1f112324ad6b2aa552122e0fb,2026-09-01T00:04:20.408Z,35.9,38.11
42fb6884-5570-4226-87ea-31b6fd1d2d71,1,0c398b245c9b74ef2bf4343b6fe73237,3bfba5a77604f6dfae7e6dd7aaf65821,2026-09-01T00:04:20.408Z,26.33,27.31
12a10fae-c5f2-48bd-b107-ffba20c447fd,1,b4df91f3ebb544f655bc35ddc68a85ea,0f7eea709efdf942b5f95c7516dbacd7,2026-09-01T00:04:20.408Z,300.8,12.01
12a10fae-c5f2-48bd-b107-ffba20c447fd,2,03233a6dca60544336766af227f78f09,c3f5668699a1b04c0fa61ecea1e2bff6,2026-09-01T00:04:20.408Z,37.7,28.15
c5d6a5bc-0628-40ea-be30-49d03ea6b36c,1,4bae12e58c9b828e1302a2cad437b80a,09883d9ab71c8fe8a9bfc7fc3075b07e,2026-09-01T00:04:20.408Z,245.4,23.28
89dd20fe-b457-49ae-9da2-dec9aa930f21,1,4e4210d7d638f6e904297071820f08db,d7b2377bae6ace1b11fc69a11900ac36,2026-09-01T00:04:20.408Z,277.12,18.98
89dd20fe-b457-49ae-9da2-dec9aa930f21,2,318026bb905cd235b62c2f2f4eace780,30c7f28fd3a5897b2c82d152bb760c17,2026-09-01T00:04:20.408Z,205.63,12.94
23c4eee1-29f0-4ab4-ae8d-e1c1912920e7,1,bf7caf1a1caf9c42b0aac2e68e019945,6b9b80d53ba3676eafe60268a810b5a1,2026-09-01T00:04:20.408Z,47.39,21.34
ace67b83-668d-43de-bb53-9cf065a9b94c,1,2954628cc646e129a849918ab2b366ee,1de62b6f2fd96227629786db492433db,2026-09-01T00:04:20.408Z,184.08,26.34
82e0aef8-2ce9-47d5-a0fd-6ec304e0f15f,1,6b9411af71e48f2e3ed1f01640c3a75e,d23019c84ffae2d5ef2270367b8605fc,2026-09-01T00:04:20.408Z,99.66,32.19
4c896813-7ed9-4425-b6bf-078e307a99d5,1,a08a20499b36a88c1ded2d041a863a9a,b6f52e346160519c24a23af05410ad32,2026-09-01T00:04:20.408Z,47.0,14.17
746740a5-f8a1-4c15-ab92-ccc7b78bc6ff,1,97ca99a3e712143b9cf17e31bf8f3367,633ecdf879b94b5337cca303328e4a25,2026-09-01T00:04:20.408Z,485.69,25.95
746740a5-f8a1-4c15-ab92-ccc7b78bc6ff,2,61e9110d123ee94fcee4f409df7f4ec8,56a8b450e802502ba53a9885ee38e29f,2026-09-01T00:04:20.408Z,157.22,20.15
59493f8b-3fe8-4b69-8277-995255b0bf27,1,88f608e85fd33226d6fa5e15d9748d92,d598f929fc44e1e38678e7f47250ec04,2026-09-01T00:04:20.408Z,256.59,37.93
4f4ea535-eca3-47e4-a302-241ab7a81ef3,1,5ee76866fa61481c966c02a129dfac08,5f5b43b2bffa8656e4bc6efeb13cc649,2026-09-01T00:04:20.408Z,65.02,23.53
6c850285-ff3e-49ff-a358-411970fc3eed,1,c924e005748982a0f58ec549a7b5e353,515d781150feed28a6ac091bb0e3cb8c,2026-09-01T00:04:20.408Z,144.28,10.94
6c850285-ff3e-49ff-a358-411970fc3eed,2,be006818e0a584705110984cf17d09e2,8a8835a43bda99fd37310ad76c457510,2026-09-01T00:04:20.408Z,159.42,16.11
4b1a56c7-6265-4482-aec4-af5b01158217,1,d914a2a0c672fc21c9f0087e07e9e881,adbe70ab2c97442046d393988c8d1d27,2026-09-01T00:04:20.408Z,202.99,12.63
b952c12d-7201-46e2-ace0-8dfae7a38aad,1,c06ec7b8d433a443d9350e3da23a4076,dd2bdf855a9172734fbc3744021ae9b9,2026-09-01T00:04:20.408Z,78.77,25.21
ef65cad5-310c-4bf0-b254-23bc2885a699,1,fd0731561b291a28f6a3a189e86a1107,ea1776927851da2532aa70d6a32c095a,2026-09-01T00:04:20.408Z,289.02,24.88
b077e1b7-be76-42ea-8e95-f64f31cfbdbf,1,097ce3b5d4710b24d4a113b394ef2566,1f9ab4708f3056ede07124aad39a2554,2026-09-01T00:04:20.408Z,158.48,24.58
83e612ff-b307-46be-bd6b-b86d52010fc3,1,d296d7996d75ec35fcfc75b3a06cae63,e62b2d6ac10570a035a30bafcf01d263,2026-09-01T00:04:20.408Z,178.91,24.95
83e612ff-b307-46be-bd6b-b86d52010fc3,2,5391609b73c1bd3aa36c88f5d954cb1c,e4fc40017a6d22c46a14ac2e17f87c3e,2026-09-01T00:04:20.408Z,117.94,8.42
aab6fe98-13d7-457c-818c-cac0428bab34,1,896a64a7f34cdfef2c60ce59fa2a148f,8e6cc767478edae941d9bd9eb778d77a,2026-09-01T00:04:20.408Z,47.52,14.76
aab6fe98-13d7-457c-818c-cac0428bab34,2,e7ab5dc415d1ef9ab700f49ce67adbdb,bdae679a9b282249bc23b9b69dae9a99,2026-09-01T00:04:20.408Z,192.6,12.87
89692b67-d8b5-465d-9fb1-c2ab751588cd,1,a07d0595ac61dcdd44214f0426431c9b,2ff6b7bff164ef05590a52734e1296da,2026-09-01T00:04:20.408Z,106.71,17.11
28f2c3cc-f16a-4616-8755-90ddc4defad6,1,38d81441a145665231f53df8e97f52e5,ba6b4a237f92479743cf0ca06b67a9ac,2026-09-01T00:04:20.408Z,167.6,36.06
df71e169-41ec-4bcf-9ee8-076d78043b1d,1,19dcb307b859214c546c3726043e9c2f,c840d3fdbba0790404fdae73d253b253,2026-09-01T00:04:20.408Z,194.46,15.81
90257eeb-c19e-483d-8cb5-d7199e69630f,1,26c927e65e1f0e55dd678ab40436bc99,f97e2b0650c2068227e1d366140eb62f,2026-09-01T00:04:20.408Z,296.91,17.83
4ff54980-04c4-4072-8d24-8f1717f4d8a0,1,0368744ea61d6163219e3bcbbbac3680,dc120d932ddf9d4dfb6fd68beefda622,2026-09-01T00:04:20.408Z,293.68,27.04
4ff54980-04c4-4072-8d24-8f1717f4d8a0,2,969c31fd56d207713e9475c051d984c8,6025c79c035c3d772133b8b8238463b2,2026-09-01T00:04:20.408Z,11.38,29.65
4ff54980-04c4-4072-8d24-8f1717f4d8a0,3,2c8238c5ab463c9d8cc054dedfc140c8,e2a1ac9bf33e5549a2a4f834e70df2f8,2026-09-01T00:04:20.408Z,253.95,6.34
57c20921-00b3-41b5-9661-b159ab1fb8c5,1,bd089e9fe06981d16b0daf6f97bef3bc,e64882b4ef12aee8d0faca4db5b681f4,2026-09-01T00:04:20.408Z,416.39,16.48
0610bc93-5824-4340-b71e-2b4aa0a50e6a,1,db35a562fb6ba63e19fa42a15349dc04,258447aad3f7b01e2643c89f64dc5647,2026-09-01T00:04:20.408Z,293.24,20.02
58dfecf8-db48-4536-b01c-72e1be80a8d2,1,513e834f4f9225e4e8b233716a699774,11938fcc75f6902fea1d0a6f72b54a57,2026-09-01T00:04:20.408Z,238.34,14.75
f7d7d107-8012-40df-9dc0-de27082fe4e5,1,47e7c7fb5d7ab1b726e49c74693a0e69,e4f121bf6ef8b9a1d4d3e65dd0473fab,2026-09-01T00:04:20.408Z,532.99,29.58
1f9ee2bd-8769-4f36-afdc-e6b23fa4519a,1,3745086e428495d12317f5864306279f,17adeba047385fb0c67d8e90b4296d21,2026-09-01T00:04:20.408Z,308.49,18.9
1f9ee2bd-8769-4f36-afdc-e6b23fa4519a,2,bb1c86c0b1cd8da99fbd48d798abcca0,7cf4ea70955b00d6b3c22542598e2715,2026-09-01T00:04:20.408Z,144.73,38.66
1f9ee2bd-8769-4f36-afdc-e6b23fa4519a,3,63f7cd79973145c9e6bb11c5fd03e82e,5cf13accae3222c70a9cac40818ae839,2026-09-01T00:04:20.408Z,130.48,25.47
6894e588-8643-48a1-9862-d2230cef3905,1,fd33cf682028dd12dea92f2ec002c6e7,1c56ffe0e9dea2657fc6e95b53f40b13,2026-09-01T00:04:20.408Z,580.88,9.26
6894e588-8643-48a1-9862-d2230cef3905,2,9f2575ec18612ca31cb4f9e91910e274,50c361bcf670d16f6df4d52de3dff924,2026-09-01T00:04:20.408Z,182.49,35.28
6894e588-8643-48a1-9862-d2230cef3905,3,188726239018149882525f46706b9bd7,59de1d4c8c057c2a53acd4ca66531af2,2026-09-01T00:04:20.408Z,306.99,23.38
fd27f6b8-7ffd-4d5a-9209-5ce799a01e76,1,e9f5d10b74f0589a7d327eff4bdd6b04,15aec03fe4cf30dfa574cf550f5ff5ff,2026-09-01T00:04:20.408Z,14.71,6.07
b2b4c3a1-3770-46b0-ae9f-5e78f4956c05,1,c22d563bae38dd4598dc104eefa52224,2fdde51ad3e12f297da656d4fbd5d0b5,2026-09-01T00:04:20.408Z,71.45,22.08
037b2471-5ca5-4f93-98c8-804d2f0100e0,1,f76b8eae9da79861cd75f86a1020879e,da2782c804606d2a5d8e1760dbb3e7ec,2026-09-01T00:04:20.408Z,18.38,31.02
037b2471-5ca5-4f93-98c8-804d2f0100e0,2,5b4c8d91d1870633efdb893f7b2bb44d,ad97a199236354e53fcd91a5a913e9a2,2026-09-01T00:04:20.408Z,227.66,11.62
697507c2-d180-4b7b-a195-180909b79844,1,5ff441e1a42b8812f2bd9467947a2f00,ccada0ef508e698917a6eab263375905,2026-09-01T00:04:20.408Z,134.59,10.32
697507c2-d180-4b7b-a195-180909b79844,2,43bce2c11df17f5e6e50fbb914fd13ea,7813ea3ebd9411dc600b4dd01f7a97b9,2026-09-01T00:04:20.408Z,664.12,26.15
62acbf6d-71b3-4cc2-8fa7-8483794da5fc,1,7aac5971b0560a816c14f6b6e9185bcc,c003204e1ab016dfa150abc119207b24,2026-09-01T00:04:20.408Z,106.54,11.22
62acbf6d-71b3-4cc2-8fa7-8483794da5fc,2,ebcefe0202e6d4a7a3a115397fe0f78c,e627629ba868740e287800f1a9be81c2,2026-09-01T00:04:20.408Z,348.43,43.7
559be5c0-753a-461a-a68c-07dda25f636c,1,9239c49d7d0e542d0e12a9023771ef51,272f092de69afedd4d2969440b37f18f,2026-09-01T00:04:20.408Z,94.27,7.61
559be5c0-753a-461a-a68c-07dda25f636c,2,44c3393093cceb78aa4174c28ec0ee40,0bb738e4d789e63e2267697c42d35a2d,2026-09-01T00:04:20.408Z,99.09,28.92
5ab2b0d9-a4a3-482a-b8ac-12cb1cd74cdb,1,d88a09e1deacfdf7d5f5a7baa73055ce,820c7c9eaf76d2b226b6c242bcf3f34d,2026-09-01T00:04:20.408Z,17.96,8.87
1b8d841d-f672-4208-bf75-e01db86128aa,1,d9471e8bbb843a2afe92def2edfb8638,2ee0a0689f2f6a72f35a7cb6033f6e7e,2026-09-01T00:04:20.408Z,45.88,28.12
1b8d841d-f672-4208-bf75-e01db86128aa,2,4509f2dcb7651bc7c7fab76f3a87e700,440dd6ab244315c632130ecfb63827b1,2026-09-01T00:04:20.408Z,243.71,22.22
97b2df1e-0233-4357-aa9f-f4f9a67c2962,1,918d420adcb5ca26487f9fff29535fd6,13fa2a6c6b9d0f43cb588d7c82117a12,2026-09-01T00:04:20.408Z,33.87,22.81
97b2df1e-0233-4357-aa9f-f4f9a67c2962,2,caf864611f0c6a9c238876119d725182,397c4d0c005b6f41f90098ac724e28cb,2026-09-01T00:04:20.408Z,91.3,23.38
8c205fd1-9f55-4a95-bc4f-25d31c0fbd10,1,f2e9bb932d99a4a695ebde162fcefc35,8b11118053756a9a2932f447e11fc1b5,2026-09-01T00:04:20.408Z,251.56,13.76
3818ba9f-69e9-4e0d-bee0-e1be16c394b0,1,c7a3f1a7f9eef146cc499368b578b884,ef0ace09169ac090589d85746e3e036f,2026-09-01T00:04:20.408Z,233.13,11.92
3818ba9f-69e9-4e0d-bee0-e1be16c394b0,2,3dd519e4024a114cdf2825caa88c6091,9b1585752613ec342d03bbab9997ec48,2026-09-01T00:04:20.408Z,218.49,13.1
3818ba9f-69e9-4e0d-bee0-e1be16c394b0,3,7e1283a5fded327a53d039a113eb543a,5882820ef11c4c068eea0677a7a879b4,2026-09-01T00:04:20.408Z,267.43,22.98
c924fb93-b0d6-4caf-af7d-4fc58e07ba71,1,731f32f46216108c900621c487081dcb,e84ad2127668df3aafc6b73531a0beb8,2026-09-01T00:04:20.408Z,234.6,18.43
3e9aaac0-0019-415f-a22e-1253fb469b1e,1,fdeb34a9f03fea7c3937dd62d1d0287e,cee48807215b30a12ca2ca10ffb5f250,2026-09-01T00:04:20.408Z,123.25,41.28
0984cdb3-db4b-4f9c-9d0f-8970f85e16e8,1,73a0e2fb5e04e869a6b73faa18e0fb46,6b536a23086fba0d58c08d68814397f6,2026-09-01T00:04:20.408Z,260.35,25.66
0984cdb3-db4b-4f9c-9d0f-8970f85e16e8,2,c2a1ff8408a1c857c8730e4d12da714e,4c18691b6037662be2df78a765d98ab5,2026-09-01T00:04:20.408Z,253.26,27.58
57e0fad0-3a43-41d1-b2b8-c647f35cf599,1,6d313b6e250189718db2169e5e3a38c2,6561d6bf844e464b4019442692b40e02,2026-09-01T00:04:20.408Z,126.8,10.32
f1f08b03-3b08-4e79-9a1d-a18c8d33c7f6,1,db553c9b5cb2f9b4c3f2f7b32a237ec2,6e4f5ff6b086632ba8dcb558fb10249e,2026-09-01T00:04:20.408Z,35.2,10.58
2dc16094-5d4c-4d4f-9652-8210d7c927a3,1,7a054d17dc450583ed639068a9298afd,41b39e28db005d9731d9d485a83b4c38,2026-09-01T00:04:20.408Z,201.28,34.18
6430bf29-dbea-4568-a417-e5e3d5dd95a0,1,0a9a9c25c5a06532d1766e00db833a7f,50bf89f1349bc0409a268c3a49678009,2026-09-01T00:04:20.408Z,330.41,19.05
6c4d5225-1dc9-46c7-bc29-7074f59ce9de,1,201842e46ecc7b96047e78835d973548,cda598c48d7c614bc1cad7d8ff6f0010,2026-09-01T00:04:20.408Z,297.01,20.66
807a80c2-831a-48d5-a1d0-562ced458460,1,88ff969d40429ca9a43c4e09620d6101,0692610d8abe24f287e9fae90ea0bbee,2026-09-01T00:04:20.408Z,176.21,11.09
807a80c2-831a-48d5-a1d0-562ced458460,2,8e6774f213b2625176287ad6c3d38be6,c72de06d72748d1a0dfb2125be43ba63,2026-09-01T00:04:20.408Z,220.98,43.8
7b1065c9-c128-436a-9608-5ebf5dc2cb12,1,0f3c8906e5b08127d539956bc587074c,624f4ece8da4aafb77699233d480f8ef,2026-09-01T00:04:20.408Z,346.8,23.44
4f3277ba-9368-43cb-a2fb-621a3afce0c7,1,26e4016b8946bc71f7294154866226df,dedcab67899479e4ea5dcc4eba47f587,2026-09-01T00:04:20.408Z,73.78,8.98
441f08b9-1218-47df-8ce6-f0fd7134dc81,1,03f02ee5e8fd233d41dcfe8ad911cf7e,26562f211dd1364af2a8596dc945e8ae,2026-09-01T00:04:20.408Z,130.88,9.69
69844d16-814d-4590-93b7-ec6bf42f8e97,1,d2686065b870834cc92605a5b9ec84ba,3f995f07c49d0d55a99d5c54957f7d81,2026-09-01T00:04:20.408Z,256.24,7.13
41cb2af8-8075-4cb9-a423-8c53dbd96ec1,1,80d26752db9f24b4822df9aed428d3b6,f664f98bfda2eaf266a23ff144e7a872,2026-09-01T00:04:20.408Z,265.76,22.6
41cb2af8-8075-4cb9-a423-8c53dbd96ec1,2,24dbd57bf68a29e64c462b88087b93ed,ead2bab70821ea148476ae9bc08548ac,2026-09-01T00:04:20.408Z,155.91,28.28
da7b863b-49e5-401e-8e7c-b78f18f0f4bc,1,3e19791ee3fa124c96da5a87616794ac,bb3dca718920a4d7ec3cc9ffb025108b,2026-09-01T00:04:20.408Z,304.34,13.16
37e5cc77-fb53-4501-83b9-295eb6a5393f,1,e1dc23d88d327fefb34f58df7d6be272,9a03a4e9eb0b947652fae4f6121a3f5e,2026-09-01T00:04:20.408Z,236.4,17.49
e8c0a53a-0a85-4904-aea6-2e7b355fdef7,1,16522de6b7f6222b7f9c3b00a0cf3218,5a8e7d5003a1f221f9e1d6e411de7c23,2026-09-01T00:04:20.408Z,86.64,27.3
84c93734-15d9-4578-94a1-1bb4111407d5,1,671e7e145b2a32685e1429498fe906bb,5d378b73ab7dd6f0418d743e5dcb0bd1,2026-09-01T00:04:20.408Z,71.61,18.17
3052898c-8fb2-42dd-a828-d590a9450248,1,da2fa693964fb1caddb581348b7b592c,f181738b150df1f37cb0bd72e705b193,2026-09-01T00:04:20.408Z,366.47,18.89
3052898c-8fb2-42dd-a828-d590a9450248,2,2bfb0bdbcea77da2879f0ef3be9a219e,b8114f2f589a6804810f04f99b36b498,2026-09-01T00:04:20.408Z,259.26,22.4
317c3cc7-0df2-4942-a84f-0736f36fad03,1,5a0783457f0264ade6beeac64ba145f4,feb793c88d836c3a75efa4b5a3465d70,2026-09-01T00:04:20.408Z,182.4,9.62
0c4fe3e5-de45-46ff-ae2e-500dede253e3,1,bd588795ddfe953f64d59d514ba0527a,7e26c750b4cb9f6766f58265ff9ebe95,2026-09-01T00:04:20.408Z,168.28,23.33
0c4fe3e5-de45-46ff-ae2e-500dede253e3,2,eff955ba97941dc6837a770367d66944,686886775c8f6b1191c7b953fb52708c,2026-09-01T00:04:20.408Z,258.28,26.02
ac42ed1e-9080-439b-98fd-082672363cba,1,76f71ec385ad031b06d5ad8be0440260,4dc2e811a1760953cb7c6a590b498943,2026-09-01T00:04:20.408Z,5.0,19.95
698fa9de-9386-45ea-99c7-2a16be5d8b17,1,869335bdf5f8389362b55e97c83ea1ef,6b89abe95848c850399130d149a39b63,2026-09-01T00:04:20.408Z,43.74,14.73
698fa9de-9386-45ea-99c7-2a16be5d8b17,2,ecb07a06fd523021fdce82a3c43a1a65,34675b28b826facfde119785bf287dc1,2026-09-01T00:04:20.408Z,97.66,23.07
a526b280-eae7-4920-aebe-5f744e79f428,1,1c6e92bf485313aa98f50dbfd2586f95,b9a03475e6447e631b6799ec8274800f,2026-09-01T00:04:20.408Z,290.95,26.04
eb931e61-84fd-49ce-a39d-440fa5e6f859,1,2239cf6b4421c4bd57f8a87127800929,d379f449f2a3b271bc01c0782020f705,2026-09-01T00:04:20.408Z,55.73,15.29
eb931e61-84fd-49ce-a39d-440fa5e6f859,2,91d192f809ce47b73e0080288da65f34,822b63912576852aea9a8436d72317b7,2026-09-01T00:04:20.408Z,34.49,20.73
eb931e61-84fd-49ce-a39d-440fa5e6f859,3,8d7b1f65c55c4c92979d7a0c36200c29,918717417d88a9f9ae9735567e6c7682,2026-09-01T00:04:20.408Z,228.93,24.59
d139ce99-2ee5-4612-b3e2-61f62146b6bc,1,7ee8a1b1807716291e12649b1d617896,712efd3b68f9686dc856b84abd0f21ae,2026-09-01T00:04:20.408Z,6.6,7.87
d139ce99-2ee5-4612-b3e2-61f62146b6bc,2,1cb4e06ac5f21ccde771561d17ec0afb,f789d2c4f2c2eb38fc4373e7a4b35264,2026-09-01T00:04:20.408Z,37.01,2.94
b71fe657-e9c9-42a1-bcff-1eab7b998894,1,f5b43eb04df32b98c282b6168cd72a5b,9ef932e837d8b7f392c0bfee9d359dc2,2026-09-01T00:04:20.408Z,411.04,14.41
fe53da4d-4162-45a2-a1b7-378bfa1b58bd,1,573ecac44bc00133b12d7d80ed8f3fa1,ce3ad9de960102d0677a81f5d0bb7b2d,2026-09-01T00:04:20.408Z,108.0,32.83
f0e3e8f7-9d7a-4162-a189-dcef2b17ff6f,1,5babb170cd172ec25690087d7018f26c,18a349e75d307f4b4cc646a691ed4216,2026-09-01T00:04:20.408Z,534.36,24.53
dc9a98b6-4884-4115-a134-385d48d6a60b,1,2a1dc7b4d777085804b1a6389639870c,a13aaf2d2886ab9fb30fb9a920160b8f,2026-09-01T00:04:20.408Z,230.51,40.44
dc9a98b6-4884-4115-a134-385d48d6a60b,2,ce98361ef1341e15087ae4b1b2c53fdd,c113b8df1fc375bc3d73d29c1b1144d1,2026-09-01T00:04:20.408Z,269.58,22.93
965c24a6-79dd-4c24-95c7-70c1a9b28b4d,1,4a0d1ccdddf9a6fda274fad13550f595,270d3ef21830ad0ecf3a6c53d08a533a,2026-09-01T00:04:20.408Z,197.73,19.33
ffa73b48-a040-4ee5-a428-251eeb2e78e7,1,f29cea85796ecb6453d24eb3b24f4b77,985c92cc412091f8529c12d7f23d3fef,2026-09-01T00:04:20.408Z,75.08,30.95
940bb017-d1b7-4867-a28e-8f5a9ec782d8,1,e4bb850bf967ec64439ebb3c73b5b6f2,f00e21b1e91a79653163b7fd8f293ff1,2026-09-01T00:04:20.408Z,296.25,1.57
4d46a784-61fb-4eaf-9164-0995955427e2,1,0485eb91cf4786a456d0b61ef9d9183e,5145090ab595c0d0b8557199f5701fbf,2026-09-01T00:04:20.408Z,307.08,10.74
bf4cd502-1971-417f-94d1-bcd8dbabacb0,1,40749a37d68c1827c0ccd1844e9e3c8f,75fbb52eda0cbc24f479d3b2fbfa8d3e,2026-09-01T00:04:20.408Z,157.58,40.75
f5fa72a5-0ee2-40f2-9704-dd92f0189963,1,c3b74fec36efec92f2c1b2d46c8cb316,b274baf5bbd142410eb2958cf685d684,2026-09-01T00:04:20.408Z,405.19,26.66
274516ea-ca43-499c-81ac-a50ac5c1e335,1,5a885007d9eed9680c983b19126a4bee,226b05fe067266c59c15dae208213d06,2026-09-01T00:04:20.408Z,204.69,30.41
6a4667bf-9ca7-471a-8b71-abb962e19947,1,3a3502ecc84a931af1064f5a82ed267a,ee27a8f15b1dded4d213a468ba4eb391,2026-09-01T00:04:20.408Z,254.86,17.2
24cb017f-aa10-4438-b043-ff2266561cf2,1,326a0f5cd9ba675a997b260b0a0c5b6a,d97df38225e5abadaff1e72cb72b823c,2026-09-01T00:04:20.408Z,361.5,20.46
2f3026a1-2ba1-47bd-86d0-57bb152ee71a,1,22a4657fae391d977b8dfe09b590ee6c,af4a0e4cfe1d9c26b6712b1be25a72e5,2026-09-01T00:04:20.408Z,14.26,12.11
3bb5f252-0cb7-464e-8c29-09a9eeeb9502,1,835fdb74fa8c0da45cd0879b1307fcd0,7299e27ed73d2ad986de7f7c77d919fa,2026-09-01T00:04:20.408Z,171.49,27.85
33af263d-1e12-4808-a38a-3b63f2b4101a,1,c3b957b4e1d4cd8d595794d22973cae9,ff4ea69c2a729e83e63c7579e4ef8170,2026-09-01T00:04:20.408Z,156.53,1.78
a6eddadb-9b26-4047-85d5-6c9c82394074,1,67031f1b5ba68a9997efb630e43ada88,ac6417315ae5da8f9a38ee11de6f7780,2026-09-01T00:04:20.408Z,252.7,2.67
7b001da8-1c22-4aa5-b424-aace1932f619,1,abefc54df1613eda05b2c702a316eb41,4c2b230173bb36f9b240f2b8ac11786e,2026-09-01T00:04:20.408Z,136.62,19.14
b3275097-4813-48bc-bd33-7d04f8c24362,1,52817a1b17d101c0656923254b92aed8,32f83ffe11cd40f7adcf4eef171f52d9,2026-09-01T00:04:20.408Z,400.86,12.41
b3275097-4813-48bc-bd33-7d04f8c24362,2,f25795cfffe214cb33e87d996d64a222,d03698c2efd04a549382afa6623e27fb,2026-09-01T00:04:20.408Z,344.37,24.2
b3275097-4813-48bc-bd33-7d04f8c24362,3,5f47bed9e5b0a01f44ce1ae93da98e70,e5c84227854980f1db19a58958c551d9,2026-09-01T00:04:20.408Z,46.36,17.63
69f2f906-9e6f-42e9-a14a-5a8e349fd81b,1,fef80a5fb121b63bedd4096ff28f6aaa,5bc237df65098fe211bb4818f4d26d78,2026-09-01T00:04:20.408Z,119.35,26.23
2d8ded9f-d5f3-4bf8-a3e2-1566ff2fdd05,1,e3f7b3cbb0ccf1f1e361e6974b22e346,3078096983cf766a32a06257648502d1,2026-09-01T00:04:20.408Z,307.85,31.83
5e227dfe-21a4-4b09-b252-9f95ee87e639,1,bc4b1c6c831c93b87cd134c9089c657d,e0eabded302882513ced4ea3eb0c7059,2026-09-01T00:04:20.408Z,175.42,10.24
4bff3274-02c4-40b3-b955-c59887930c04,1,f65ff6e5a356943c5cee2e8bb023efc8,0ee4fb99ac55ffbbc98795aa01b7f8fa,2026-09-01T00:04:20.408Z,157.22,13.3
4bff3274-02c4-40b3-b955-c59887930c04,2,9fd402a0b4e316e0945ec7a6cc106d08,05ca864204d09595ae591b93ea9cf93d,2026-09-01T00:04:20.408Z,40.84,9.28
399ce661-a159-422f-b16b-e9566e62944d,1,786733d317255508bd4d648585977611,001cca7ae9ae17fb1caed9dfb1094831,2026-09-01T00:04:20.408Z,117.59,8.75
399ce661-a159-422f-b16b-e9566e62944d,2,964c5f7cd701d923e2350137a4715bb1,119c7f1a00ef43fad0e57604e76a747c,2026-09-01T00:04:20.408Z,213.47,20.64
399ce661-a159-422f-b16b-e9566e62944d,3,8ffdc77604396b5f0483e372aafe83f0,3820c6537b3853be1a0687d5a60807ec,2026-09-01T00:04:20.408Z,253.84,0.35
cbce561d-ee15-4f80-a007-1ed525cca5f4,1,88edbcd7253153fe0b9b64c8e643ec00,4e5725ba188db8252977a4f0227bd462,2026-09-01T00:04:20.408Z,46.95,22.84
81668525-5369-4a65-98a0-234d99b456ee,1,566d15b940c0d5e7a0a37c82b8ce353f,6b803197e03abd5056b4313306b4f29d,2026-09-01T00:04:20.408Z,49.67,18.48
60c5e359-a93c-41d8-a435-fb3b9f1ee46c,1,f8c6a76085bd3b4341cccb774b554c82,439a47cc365d6e3bd526812ea9de3c29,2026-09-01T00:04:20.408Z,484.23,7.95
81a10de3-6b75-46b8-8f2c-4e9352bebfbb,1,694ef7517a535b054fddea9154d3e627,5e49e3a44bdeb5aab2684258bbd4f525,2026-09-01T00:04:20.408Z,142.9,13.11
81a10de3-6b75-46b8-8f2c-4e9352bebfbb,2,4f094d03e0acd9b1259fc846321e85b7,d94a40fd42351c259927028d163af842,2026-09-01T00:04:20.408Z,287.41,25.7
94cdb1de-b021-4e15-8e64-487a60c36544,1,5fb0031ce4395d307321919f71ffbdf7,417a1e6c7321084d2a0ae0d023cfad93,2026-09-01T00:04:20.408Z,244.86,5.59
4bd8a954-ec62-4d1a-b4b7-2406b56f1b9e,1,661856216cb56d1d9e5a954c66cb136c,6614814a00d344b846ae209f95ee7e3f,2026-09-01T00:04:20.408Z,7.66,13.83
4bd8a954-ec62-4d1a-b4b7-2406b56f1b9e,2,ab33dc82f8f99512a4a7086d5e143b96,525e75a6fb1454a2325ab1734bcec221,2026-09-01T00:04:20.408Z,179.56,13.63
f81023f2-00d9-4f39-bae8-3616679165c1,1,b68a2323ae78c8400b78aeb0e9b33ccc,70ee69419916dc13e3aed619061f996c,2026-09-01T00:04:20.408Z,262.97,30.4
912281a4-d353-4830-ba24-996dafe5680d,1,a9568a13a4077638b75b8a64bc4818bc,02f623a8eb246f3c5f7c2f96462654e6,2026-09-01T00:04:20.408Z,239.06,18.7
83bba2ba-9c10-4cd6-b208-f84739e0b2a5,1,4a69bf67fa5c94b8e301ef9c94950755,9baf5cb77970f539089d09a38bcec5c3,2026-09-01T00:04:20.408Z,143.38,8.9
83bba2ba-9c10-4cd6-b208-f84739e0b2a5,2,68106dcce45696d316763cb7e5678487,f4c4daa86e30c7e5a553a8d518ac03a5,2026-09-01T00:04:20.408Z,222.26,20.49
83bba2ba-9c10-4cd6-b208-f84739e0b2a5,3,f646af315b0f3a597f69213537ca2199,1746c1ae87ac63d530c7c943d0ac42e2,2026-09-01T00:04:20.408Z,113.67,27.74
ad877e6f-b042-435b-b556-c6c6d4bf23d9,1,821f6f2b173248cc704e369c94228008,74636e24f01da9268b0ed88dacd8513e,2026-09-01T00:04:20.408Z,20.31,35.43
ad877e6f-b042-435b-b556-c6c6d4bf23d9,2,3c93c9bcf16515a2c279990471744198,4091f77d8c768fc3e81c20761471761d,2026-09-01T00:04:20.408Z,298.63,21.74
1567f2c2-e4de-412e-88e4-26f75675de8b,1,444ab88b25c5d6d2310be80ab1d60fad,527801b552d0077ffd170872eb49683b,2026-09-01T00:04:20.408Z,98.58,25.47
1567f2c2-e4de-412e-88e4-26f75675de8b,2,cce61e7ab409679afd6ba99a47349582,05aebce0b5c8f0d41b29b686f2d05fd3,2026-09-01T00:04:20.408Z,229.69,17.9
82c5bf77-b2a1-405f-b483-80bab7e58b2a,1,d1023459eada86bf4bb6804656cc4643,851773c885feb5e2da3b4f82bc2b17ce,2026-09-01T00:04:20.408Z,253.41,29.51
3ed70d2e-7213-4c04-a731-85af53d3d104,1,0043d1a25ef08fb6f41b8fa6f91742ab,08d2d642cf72b622b14dde1d2f5eb2f5,2026-09-01T00:04:20.408Z,116.75,27.46
d8566ada-5e08-4e1b-bbdc-9cbd43b53f1d,1,1b06001e6b541c7e43a5a0339129a3ea,b2ba3715d723d245138f291a6fe42594,2026-09-01T00:04:20.408Z,186.92,0.79
ecb27ed6-3808-4783-9804-c567576a4dcb,1,8c10db7e2bc84a4697eaed54db164c7d,1dcfa3835714681d4ba4a93bc1e0fd41,2026-09-01T00:04:20.408Z,312.47,24.3
8b717cbb-9650-407c-b1f8-3d0bad2683cc,1,2ad445594b1355fa451e7940011baae4,70c4eedec9cb4a85cda2f3f9673557b4,2026-09-01T00:04:20.408Z,393.13,24.0
60f33316-253c-4e29-8498-c8e8683adcff,1,edb0a8739ce7457ff4767a85d6aa92e2,fcdd820084f17e9982427971e4e9d47f,2026-09-01T00:04:20.408Z,183.05,10.9
f669ef95-c083-40fb-af51-02f0abb8a953,1,64d9a8168b3776844d8e4dac2a0efca3,e5f9e61ceb5f523cc966e0f34095032f,2026-09-01T00:04:20.408Z,5.0,8.23
f669ef95-c083-40fb-af51-02f0abb8a953,2,5b4341a1e617e4d33c3305158ff03c69,3f3486b61f45078d4f31ee5e43d8c5bb,2026-09-01T00:04:20.408Z,113.45,19.19
c5ce91c3-d21a-4399-9452-d94c0ed818c0,1,c2e2f746cdd48da2d45b17f3fcc4575b,1acde099eb406aa220b1169b188b42da,2026-09-01T00:04:20.408Z,154.45,17.89
60c580a6-05d3-4eeb-bbe5-51649c27d4d9,1,5f043cb6ec3f7dcaddf80468c523a80d,87f3e35268860433e13d577825aada95,2026-09-01T00:04:20.408Z,5.69,15.49
55f95f90-2b78-4dd3-8520-9d4a8cbbfa8c,1,dc48030c42aec9ae7ec9757387ba4250,15ac3c501e2599e4917316fde5c5669a,2026-09-01T00:04:20.408Z,364.54,28.51
44dc96ac-f152-4aec-bd01-d1797c65e379,1,ff6154cee42bf2718cca4865f0620e04,7402d13c03a7e91366337cd1de471144,2026-09-01T00:04:20.408Z,125.33,31.15
04cd6ea5-42a0-472b-ba4b-efe016f69082,1,4256cf575577f02e6c98d452ad40fa63,ec933281fb017b5020d06df29c3f77e8,2026-09-01T00:04:20.408Z,5.39,10.15
ae75c4d1-eb78-45f5-afa0-ced98b9c669d,1,77d86f9e64c28aa93e3d46f4047646d7,57d2ba47f7a3209aa347532ae75c1165,2026-09-01T00:04:20.408Z,49.01,31.65
3429b249-e22e-4e2c-90bb-00209ad0ea02,1,7b6669ccb9510397f7923a979c895733,48162d548f5b1b11b9d29d1e01f75a61,2026-09-01T00:04:20.408Z,105.33,26.48
3429b249-e22e-4e2c-90bb-00209ad0ea02,2,d4d538563de6b49c547e6997f0f8be32,612170e34b97004b3ba37eae81836b4c,2026-09-01T00:04:20.408Z,44.5,14.1
3429b249-e22e-4e2c-90bb-00209ad0ea02,3,85c4d55069956c2035afcd4658368f36,077c5fae4bea9500e3737b16f71b9d3a,2026-09-01T00:04:20.408Z,283.19,14.63
3104c495-057e-4159-819f-54114deff3f6,1,187b442eb4df48574faa31381921991f,2199e7fe213c16213bf5d6a7eadc9a5d,2026-09-01T00:04:20.408Z,277.25,16.91
3104c495-057e-4159-819f-54114deff3f6,2,fcc54227ff8274a40686b505d5874e8c,cce6ab8d1682639fe45ab70234f1665f,2026-09-01T00:04:20.408Z,116.34,28.17
3104c495-057e-4159-819f-54114deff3f6,3,aa52785e49f7b78b96704df4068d9e3d,07de60b03d150fb3ea09eab5da5e4c8b,2026-09-01T00:04:20.408Z,27.42,26.74
a1269080-67c6-4595-826b-1dec09fcea8b,1,c327898dd247165a50bd1d6a2a38347b,458c6fa920810ce2492da71bc26d9eec,2026-09-01T00:04:20.408Z,144.49,5.42
178a0494-5461-491b-9870-53f01a6501b2,1,88b3956a8179086a0c985a39644ec47d,782f78b632a43875dd5b53e3e49c9564,2026-09-01T00:04:20.408Z,32.78,22.21
d933c4e6-488a-4d4c-a52b-40a195f83e5c,1,6f053a0a4d934dfde147e71bcedc99e8,a21c11ec5c3f03e7cc9f9203bff9e1c6,2026-09-01T00:04:20.408Z,497.33,14.86
b5d49ca1-caff-4786-bdcb-307bc4847c94,1,aeb2f7fc62c8a2a56ae6e2f1b04d4e62,f5403d3f50089112c4eed37928b7f622,2026-09-01T00:04:20.408Z,263.98,12.74
6c466497-ad50-4fb0-a68f-4f78ad8c5560,1,4e18c6967304419be650ad67237966ce,f45122a9ab94eb4f3f8953578bc0c560,2026-09-01T00:04:20.408Z,222.5,13.42
4809c58a-419a-4b88-8f48-65bf328ed8a6,1,69918318f27e9853c6d2a68906018a14,04308b1ee57b6625f47df1d56f00eedf,2026-09-01T00:04:20.408Z,106.35,21.35
4809c58a-419a-4b88-8f48-65bf328ed8a6,2,c88b4c14d55eb0c9706f83e3e01cd091,72c38a04bd6a1c3dbc5298425a0db86d,2026-09-01T00:04:20.408Z,343.59,15.8
af86132e-b2b8-4601-9b42-3ad39391f3c6,1,9b02b650be0a39d8590be7d35be443f9,784ba75dd9d20200c4caed3d7a77141a,2026-09-01T00:04:20.408Z,114.88,14.11
07e17c35-c32c-4268-bb94-e77cf6ef4313,1,bf5fe03d1ac5be6407a279b3681992ed,228e4c1a0be164f613d41c24345f9d2c,2026-09-01T00:04:20.408Z,71.65,19.97
1ebea659-ca00-401c-a50f-50690788cf20,1,391a014a66920fa0ce468319264e0232,07d75e33f2750d97d467fb57e4dfdd8a,2026-09-01T00:04:20.408Z,187.39,15.99
1ebea659-ca00-401c-a50f-50690788cf20,2,0e8d9a894d190db0d5c32075ab02ea38,b1fecf4da1fa2689bccffa0121953643,2026-09-01T00:04:20.408Z,169.0,28.25
b7272619-32e9-4374-b7db-2a3712bee985,1,25faa7f2253c7e5c40a0ffa4d5bbdb25,d1c281d3ae149232351cd8c8cc885f0d,2026-09-01T00:04:20.408Z,107.15,15.95
4304eb21-4b39-4ca6-aae3-8f2ad9de5f5e,1,6a3bbf3124c96579f7cd0b2519490cd2,382229d1e840115ffe3dbf5ff460e417,2026-09-01T00:04:20.408Z,186.4,29.95
4304eb21-4b39-4ca6-aae3-8f2ad9de5f5e,2,43cc8e4d981bc04b9d78b12e8a908d41,0b46f784306be7200ca1700aa55d819f,2026-09-01T00:04:20.408Z,30.86,24.24
4304eb21-4b39-4ca6-aae3-8f2ad9de5f5e,3,b59b3f2a8ef323e661a925415545ed98,7d7866a99a8656a42c7ff6352a433410,2026-09-01T00:04:20.408Z,30.99,25.43
6f17aa93-1e43-49e5-b550-f5e2578e7dd4,1,47fafa6908e75ae62b8a36a9eb3b9234,d93844a9c55ba7ce353388bcf849ea56,2026-09-01T00:04:20.408Z,10.58,13.83
6f17aa93-1e43-49e5-b550-f5e2578e7dd4,2,aba9cea5277910afdc1ad5dec5583e1b,dde698c6d0bd24834c586e5111c2bba7,2026-09-01T00:04:20.408Z,328.11,6.53
5e1ff3e0-e5ea-476f-a86a-6d86542c7e7d,1,8afd2ec5bf821e4d1a061e7ca31cac24,1cd9e0cc1839d55516843def5600816d,2026-09-01T00:04:20.408Z,265.8,21.43
9012a700-a25e-4b9a-9034-b20b3447d371,1,c0fc7711dd6c18600d83a5420d0e010b,6aa3928696eab49a19a466e665a649fd,2026-09-01T00:04:20.408Z,185.3,32.76
e4784060-d528-47bb-9507-96f2f9311d5b,1,c1c27de6591a9eaeb865eed7b905b046,377bc18334c78dd2f1535ef22a3ad225,2026-09-01T00:04:20.408Z,45.28,16.79
e4784060-d528-47bb-9507-96f2f9311d5b,2,9bbe6c774ab3a4f9c5a0385e78c9641c,e882b2a25a10b9c057cc49695f222c19,2026-09-01T00:04:20.408Z,108.84,15.77
e4784060-d528-47bb-9507-96f2f9311d5b,3,fe8bd0b912e59890950cae5e3bf908c9,b1b3948701c5c72445495bd161b83a4c,2026-09-01T00:04:20.408Z,183.37,23.47
da0c6016-9fa4-4eb7-9b57-3f2291c63305,1,593bdcdada2c45e94684f7bb36ca6cb9,33cbbec1e7e1044aaf11d152172c776f,2026-09-01T00:04:20.408Z,171.42,29.23
101dcbca-18ae-436d-b6b4-15b6675776b3,1,774bf54401ea79ee6962d25b605716dc,1cbd50a8c52e6cf8e315c5709fab386f,2026-09-01T00:04:20.408Z,126.8,5.84
101dcbca-18ae-436d-b6b4-15b6675776b3,2,8a5c39b8efa20b3f51b2b9d943ff1780,2e90cb1677d35cfe24eef47d441b7c87,2026-09-01T00:04:20.408Z,220.08,28.82
05b46b72-75b8-4f26-9b2f-52fc5d255201,1,58b0b0b3e6b7f8ecd3874db9c141250d,d9a84e1403de8da0c3aa531d6d108ba6,2026-09-01T00:04:20.408Z,469.54,25.81
cc5f0656-8890-44cd-96df-f354188a8a83,1,04e8d74439cda81827c2cff9f165f4c5,11742f81550ac064cc9a40f67151d9ad,2026-09-01T00:04:20.408Z,246.52,28.16
cc5f0656-8890-44cd-96df-f354188a8a83,2,174f6dbd30e54c690ac97b27a3a793fa,062ce95fa2ad4dfaedfc79260130565f,2026-09-01T00:04:20.408Z,286.06,20.89
cc5f0656-8890-44cd-96df-f354188a8a83,3,79d93bd70ef865017b4360427aad383e,43b2c864251aa0ce4030c746984e088a,2026-09-01T00:04:20.408Z,57.68,1.67
4f39167e-4fa7-4766-b073-d6e8460b5ea9,1,753531d6b13f62a1aae9baefa606a470,c353f8fc0ce8344999f17d578eb69a5e,2026-09-01T00:04:20.408Z,152.31,19.31
08e2f1b9-e9ac-42a9-94ae-e472837dc3dd,1,9644931193891477e4863fa05363f594,2fa13c8bd5705d279f7ed5cc9ec61c68,2026-09-01T00:04:20.408Z,207.65,16.97
27f1ef11-369e-4cfd-a637-6fc3870e9475,1,f622086c97c7060ffc84d17b9986a1b8,cea729054f157f5870bdd321a958d994,2026-09-01T00:04:20.408Z,11.34,29.88
0c4a6fc7-1582-47ea-8618-8107bbf3059a,1,8afa66574cf6cd61a7bff6af5494b37a,bd23da7354813347129d751591d1a6e2,2026-09-01T00:04:20.408Z,395.63,22.87
26bbf0cb-a8d8-4b89-b3ec-41d25de98ec4,1,60a3aec19dc1a866e9cf6a6b4430916d,74c7dec0a384d8a05950e629bd23bde9,2026-09-01T00:04:20.408Z,38.76,9.15
e0716f01-290f-48bc-ae9e-e10e536fa4b5,1,dedb5adefe63796ce6edd624d0ebd8a8,702835e4b785b67a084280efca355756,2026-09-01T00:04:20.408Z,104.91,39.71
64cf9995-ed0c-4bd6-8685-1c41746ebaaa,1,02e27630510d16a95a473d9b35959d3e,23ff42c4bf1f8f16cddb19d8b972974a,2026-09-01T00:04:20.408Z,57.91,25.3
65eb0ad6-6527-44ec-82d8-0dccf8e48aec,1,c9b6f0f5e861adc800edb233fc1da1c4,d7827b2af99326a03b0ed9c7a24db0d3,2026-09-01T00:04:20.408Z,128.63,38.12
f383b464-c149-436e-b0b7-34939c644d54,1,ec7b66dc5dc162790056db61a1d61c99,c4fabeea6e569d42d02993bb1f4f1cbc,2026-09-01T00:04:20.408Z,338.09,17.33
357494ea-a514-46fb-bade-8248eaa45386,1,51d6e4daf9bf0f6a2920a4bd23be3960,2e2f44824ab87a0cb961f68bf4073e7f,2026-09-01T00:04:20.408Z,43.04,41.51
357494ea-a514-46fb-bade-8248eaa45386,2,127d3b28487be63864af02f25333decd,7f152321c60a266edc53af1925ef96c1,2026-09-01T00:04:20.408Z,122.92,24.99
0d994569-bf93-4267-9dd1-e111cdf8aa7d,1,4baf15e171b06455c5cd23453db0cab3,4fe2f67634d00c021aa01f96b6f2d68e,2026-09-01T00:04:20.408Z,93.93,8.37
275b0bd0-5ede-499f-9812-9ec3ab3022f5,1,7adebeebd22a2f3271bdb33ebe37caaa,4be6b962d83299498bae2190f95d6566,2026-09-01T00:04:20.408Z,57.21,18.36
0d8c44df-4e2d-4c28-8d80-21b39ee6db88,1,d89b65ae21c1eed8128aafb8c3c553fe,e5899683388855d3dabe8913bbe365de,2026-09-01T00:04:20.408Z,516.0,27.16
cd700899-cbbb-4823-8716-e230c4fa9397,1,a94bae2ca6c0f6530af830bda6dae563,52f6f9f13ba19504c02781132a049e75,2026-09-01T00:04:20.408Z,371.75,8.74
cd700899-cbbb-4823-8716-e230c4fa9397,2,ffb64e34a37740dafb6c88f1abd1fa61,c0aff2da32c17759d30b22fb0af6649d,2026-09-01T00:04:20.408Z,123.43,23.73
9b73b694-e61e-4441-9599-762e081c29b5,1,d328462624ad874c591813fcfadbf1a0,4e8dacf3d38f281ae26c3e0321d92d88,2026-09-01T00:04:20.408Z,266.56,13.44
64bc5019-68fa-4157-8026-07688b93ecf0,1,d24659126d5bbd0b1bacba3e8d17a978,42d4b7e70819438f5ada61c965e92d7e,2026-09-01T00:04:20.408Z,175.96,3.5
14c54a43-8459-4e6a-ba1c-208b611b6ee9,1,9b8fae0d687fadb80a75aef40ea60fc2,eebb3372362aa9a46975164bed19a7e7,2026-09-01T00:04:20.408Z,149.0,29.86
9ace288f-5c58-4910-b494-3401de074828,1,742979e885a7f5409cc6a938eb7c4843,bb7a14e229b1c95156719c3d9552eeee,2026-09-01T00:04:20.408Z,64.03,15.84
9ace288f-5c58-4910-b494-3401de074828,2,0cbb82f3f9549ec4aeab968a4be5e7a9,0743a0239d764b9a0f959a57d07e36ab,2026-09-01T00:04:20.408Z,20.02,26.74
9ace288f-5c58-4910-b494-3401de074828,3,0c8b321d3fd08377fe038cc6257d64e9,8f0fbe2cd4d472157dc1cdef6edecaa9,2026-09-01T00:04:20.408Z,244.47,24.51
39bd2b0d-306c-41c6-91e2-7253683a0223,1,01a52711e989a817ab8100ddcf8d2940,204b4e07bddef3c9b317f70189135b22,2026-09-01T00:04:20.408Z,22.65,24.36
acceeb47-c256-4750-a77e-711ed4caf29b,1,aa74ebe862c9061d4272681810675a01,f7df46c1e0ec44eed5c6726478da4a17,2026-09-01T00:04:20.408Z,63.44,36.39
bdbeca29-1167-4611-be6b-3ae7179b7163,1,10853770629fe365086f9522cb540549,4deebb3199eeafb282ae33229144f94b,2026-09-01T00:04:20.408Z,171.47,5.69
6c4032f5-69e7-4ea9-9719-3ec0dc3c42f7,1,ec1faa2edc27ce32372fee59d1f9e969,901b460cdce0c64e471230d7f2f9f3a3,2026-09-01T00:04:20.408Z,260.01,37.38
6c4032f5-69e7-4ea9-9719-3ec0dc3c42f7,2,6e945cffb2e4e63d0ee8c5e7cfb717c7,e88f7a2995ba184710d339c5c4bf2e30,2026-09-01T00:04:20.408Z,117.02,14.15
6c4032f5-69e7-4ea9-9719-3ec0dc3c42f7,3,d5aab5918f6581c1857e6a0c38f13e78,aae3bfea055532c57fb453ed3ec80b30,2026-09-01T00:04:20.408Z,223.37,22.86
d364acea-d210-4996-afa3-887e87c03370,1,6a1a04054158fe995e1688d8f79605b2,8603f0038fe0e52fedd3382d266723de,2026-09-01T00:04:20.408Z,234.48,21.6
d364acea-d210-4996-afa3-887e87c03370,2,1b97621fc0e6ac58cfb272d5ccf8c15b,e24d3429d294b2eb200b064ebb035879,2026-09-01T00:04:20.408Z,148.6,23.26
686659cf-8009-40da-bea0-7b7eed0484ae,1,a7206a94bef040212c063390c1f2e4e0,4978a02ea9c8be7a9b5480680f40334e,2026-09-01T00:04:20.408Z,228.27,22.38
7bbad105-980d-4ae1-8895-8e8fdb633372,1,bc15663c211a5ec5ac7d927b7ba60e1f,41b86b552e54e3a7009596125aa8b167,2026-09-01T00:04:20.408Z,217.03,31.38
7bbad105-980d-4ae1-8895-8e8fdb633372,2,a2ba5bcfe3ee03832bf8f324caa32dad,5a05a16bb50629ee31afab8a6d4c2674,2026-09-01T00:04:20.408Z,377.2,21.92
1a8d66d6-7ccb-4b5f-8c3e-218f40318faa,1,b36858b52183f641b1be7bd99cd0ca89,06579cb253ecd5a3a12a9e6eb6bf8f47,2026-09-01T00:04:20.408Z,44.24,12.13
0d3e63bf-b9ba-43ba-9dfa-9849af5627a5,1,e01bc2ad5c6f46c0f53f73379fcd602e,458d868c9642f55f18f04e951a3fdde6,2026-09-01T00:04:20.408Z,410.85,2.1
6c395632-3d38-4611-ba90-a73e8040a5d2,1,f7d67abec0a2ed71d5125e6eecbd8db9,2e0dba2da448400b1c11d7b4b22f32a4,2026-09-01T00:04:20.408Z,176.26,4.35
6c395632-3d38-4611-ba90-a73e8040a5d2,2,f15962856ffeba607559e662ad9f8c9b,c5ebe6598748b0aeaa61cfb820478b92,2026-09-01T00:04:20.408Z,256.61,16.59
1d51b066-9568-403e-93cb-8fac8f0d9fc3,1,05833dad7f04a1b2991641771bfe6d9f,cfd7ddab722b902f7ac5b5f3ba6d723d,2026-09-01T00:04:20.408Z,523.45,2.66
4612254b-c66a-4dee-a329-ca06e0702a74,1,64d67d69ec57113ff99bbaab62ac1c53,0eaa7e33d73809f1f925f7d07c506cbd,2026-09-01T00:04:20.408Z,9.21,25.08
1c5f448a-951c-4a81-aca7-83fa0ae2826d,1,8e42c31b4ca1afbb6bbe17efdd666cf5,53b0300ca793f9834cd69c0678d35ee8,2026-09-01T00:04:20.408Z,142.15,15.86
1c5f448a-951c-4a81-aca7-83fa0ae2826d,2,17d8b8e9c21ec0fc5b33724e32fe422e,bfd27a966d91cfaafdb25d076585f0da,2026-09-01T00:04:20.408Z,116.36,0.46
4b5378b2-0209-4887-abfb-73de5e8024b4,1,07a446d7cf0e22333d2032294c408cca,3289d8c3eef4873f91ce0b1343c0dd58,2026-09-01T00:04:20.408Z,384.44,24.51
4b5378b2-0209-4887-abfb-73de5e8024b4,2,ad548cefdd8ba3faa511884b1c8a0788,52454f90d4c30c016768db02f88c1a74,2026-09-01T00:04:20.408Z,226.82,27.5
e5601235-5d97-4ef7-8379-00ceefff833f,1,a1fc7e27ec70c82cbc5a559b1af76424,b5dd7151a92ccaaa282cbe9681a05f44,2026-09-01T00:04:20.408Z,253.31,9.78
e5601235-5d97-4ef7-8379-00ceefff833f,2,209fa5709fd95c3fac1edddca1d6c505,dbc22125167c298ef99da25668e1011f,2026-09-01T00:04:20.408Z,131.83,18.11
5ba5eda5-5f6f-4946-b471-cd9946bec739,1,ad8ce350191f1fc97260d1c5893e841a,318f287a62ab7ac10b703ac37435a231,2026-09-01T00:04:20.408Z,190.97,31.91
5ba5eda5-5f6f-4946-b471-cd9946bec739,2,7edef979b756af9359d411234fea104a,f326006815956455b2859abd58fe7e39,2026-09-01T00:04:20.408Z,526.17,20.45
7713f633-2e0f-4a2f-8fb8-dc4be7abded2,1,a77aadc991c8f31b9b553fcbb8975ab8,ab27bbbad5239bc31a34709275a70db4,2026-09-01T00:04:20.408Z,185.21,16.89
7713f633-2e0f-4a2f-8fb8-dc4be7abded2,2,916d4d1015e94b8b525ef366b3bde796,889009a0ed0bb52c87819941192931b8,2026-09-01T00:04:20.408Z,182.47,2.25
7713f633-2e0f-4a2f-8fb8-dc4be7abded2,3,84fa04b89f708a4fdfa1d828a277a150,7315baebc0572ff220d226283dc66728,2026-09-01T00:04:20.408Z,312.7,26.98
c1b33aa3-ac70-4a49-b71b-6f0e298a5fcc,1,4e64c0d39af6b919e605b2ce1e793d20,d2572f31e9023e9850ef986a636ff9bf,2026-09-01T00:04:20.408Z,498.49,13.3
c1b33aa3-ac70-4a49-b71b-6f0e298a5fcc,2,3ceb44c75e6981ff0987bb90c95694c0,7b07b3c7487f0ea825fc6df75abd658b,2026-09-01T00:04:20.408Z,201.04,12.96
2bcd44e7-9a06-4b59-a6fa-3496fdcbbedc,1,f3466e14c29ba0ba18ff6362c94ecdfa,ecccfa2bb93b34a3bf033cc5d1dcdc69,2026-09-01T00:04:20.408Z,174.74,27.76
c550f10c-56e4-4cbf-8d8c-5a6753089321,1,7f2097ece1964900e1f72465c57dcc67,7994081388d55b9cf976c050653dd359,2026-09-01T00:04:20.408Z,121.83,31.81
100b3fe7-a0cb-41ae-98ae-755c2b106600,1,4d07b8f45de0eab0f3a44af37386764c,3a490ba60afa30ece0e7d50cfe74a4f0,2026-09-01T00:04:20.408Z,453.35,8.0
100b3fe7-a0cb-41ae-98ae-755c2b106600,2,c7f8c040002615c99a0aa2ddec4c41e6,d1582f4043306e6b91afa6a8a884f898,2026-09-01T00:04:20.408Z,153.28,19.41
71f1e6de-84a7-464c-9a5a-10ee1181f4d7,1,d0a672bae47ae7c26b8e1e2ec152edcf,d51e0a403fe2e689ece6c73359d96e12,2026-09-01T00:04:20.408Z,342.07,25.71
30caf3ec-6470-4fac-9613-a9d6969f01d1,1,515ba7ccc6abbd1c0f5016704a0184e2,46dc3b2cc0980fb8ec44634e21d2718e,2026-09-01T00:04:20.408Z,91.84,21.54
498de97e-f3e4-4494-954e-8228b152126f,1,6893767814d1ac82a81bcd365e1cc918,c76d418370990614e89e956c7a7567d9,2026-09-01T00:04:20.408Z,174.29,10.41
d41faaa5-8dfc-4137-a3b4-7a2bd0ffa859,1,f18ab2ae5b32acd3afdaa8c5f96087ec,60da8bfa7eebe230b7d66ac4082d79b3,2026-09-01T00:04:20.408Z,24.39,17.55
ea36944d-4378-4f7b-86bd-8195421ea6ce,1,695e7998d136c389e5b287c1ffe4b62a,dbbcfe2c8d026742134ac3e28ccde274,2026-09-01T00:04:20.408Z,47.43,21.1
05c53987-2cc2-47b5-97cf-586c50e7e505,1,d6a95e3741f817881010aa71433051b5,61b893c57e33626afb104d4112b1be76,2026-09-01T00:04:20.408Z,211.48,10.54
0d984100-2eac-42da-9fdc-a63e416ed24d,1,d0c59b22539b0b391e5834a1dae7caa8,17a053fcb14bd219540cbde0df490be0,2026-09-01T00:04:20.408Z,181.51,19.81
e6743c56-2942-4bf7-88ae-47ec81b0a46c,1,fb20d37a2c78452667f7a347e756727c,8ff1a9df749e454105c55cda13e79143,2026-09-01T00:04:20.408Z,55.57,6.65
c0dd6987-cd91-4c9a-9553-f4d5a40959ee,1,bd4007f3a50676aa56e2696897f4a706,b5bb2b985208834bd5bd86c7a402bbad,2026-09-01T00:04:20.408Z,200.86,17.61
c0dd6987-cd91-4c9a-9553-f4d5a40959ee,2,5e8f674eea4267b3de326c3e2ee2c5e7,1e8b33f18b4f7598d87f5cbee2282cc2,2026-09-01T00:04:20.408Z,102.1,23.19
d47637c3-8724-4c7c-8237-f453a9cfe4a5,1,5bb2c90ab3ab3c24ba5b42b19a4d4b43,0db783cfcd3b73998abc6e10e59a102f,2026-09-01T00:04:20.408Z,275.04,22.87
d3cf331c-c44c-47e7-81e5-4e0046e8903f,1,cb0c2c97fb2fca149a11c2f14027895d,671585f5a2af58b6e276bc01003c0d2b,2026-09-01T00:04:20.408Z,120.54,32.61
0a27089e-5713-4d3b-9b17-296f8fac2fea,1,e8c6039a25765995ac7c1ec2cbef5765,f680f85bee2d253556ac91be391d2c82,2026-09-01T00:04:20.408Z,290.55,10.97
a8f78359-3970-49f4-bb13-4e8fdc6cf4db,1,a78fa6c80b9cc50d0100e12a097b8417,8ff38bc3969e67c36c48343a07090f66,2026-09-01T00:04:20.408Z,140.4,13.65
61297ef7-7ae9-461e-af2a-dc479d7a4be7,1,5e434712653feed8cd837cbd10ea9b18,fcf16b7a8697e559f0123190bb30177d,2026-09-01T00:04:20.408Z,41.06,11.86
61297ef7-7ae9-461e-af2a-dc479d7a4be7,2,9da581af1760052f6c62b922a1793337,d149de2f383552baea37a7198c2296ce,2026-09-01T00:04:20.408Z,139.51,34.02
02f71445-7da5-4565-ba84-c8edc3a309d2,1,48de27bd5c8f17adee291f6886cec06f,710e3548e02bc1d2831dfc4f1b5b14d4,2026-09-01T00:04:20.408Z,353.07,16.0
0ffa85ed-1100-4c5e-bc50-5629c33b2d24,1,736000073edfb5a7d5fc8d710e93772a,76d64c4aca3a7baf218bf93ef7fa768d,2026-09-01T00:04:20.408Z,88.4,24.04
8ebe417c-4de5-4388-9d45-2b39ca4e59ad,1,1d11e9991beabfd8071f2bfb73444500,95ec4458365c4d11f452ccf538377619,2026-09-01T00:04:20.408Z,122.52,13.16
15f486aa-153b-4016-8dd3-3be536cd5f5b,1,4e31a347129c0a0928d3c620d4f013ba,cd3d09fbe6e3e9ff0c0ac0c300e93ae7,2026-09-01T00:04:20.408Z,130.98,41.16
3c60675d-2690-48e7-8e44-96d73cdccdbc,1,,,2026-09-01T00:04:20.408Z,276.62,24.02
f2cee636-812e-41cd-907c-bbd1a8ba8b6d,1,,,2026-09-01T00:04:20.408Z,186.53,14.32
f2cee636-812e-41cd-907c-bbd1a8ba8b6d,2,,,2026-09-01T00:04:20.408Z,107.34,29.35
