order_id,order_item_id,product_id,seller_id,shipping_limit_date,price,freight_value
7ab56895-655a-433c-95e5-d3a40a337024,1,a79c0d179a6de79b23a81b64b3980c04,e883aa812c37a7413226856f4579fe91,2026-09-01T00:03:55.692Z,352.01,12.56
7ab56895-655a-433c-95e5-d3a40a337024,2,3eb6b55ec8635498193d4fc3d264e6a3,33dd941c27854f7625b968cc6195a552,2026-09-01T00:03:55.692Z,11.6,27.15
7ab56895-655a-433c-95e5-d3a40a337024,3,93709a210f8c878e1d9b12ff28580f2e,ed46f1eb4a638113deb2a1137b5f22e9,2026-09-01T00:03:55.692Z,201.77,25.11
706bad41-1d61-4e00-b4f1-21b970099cc7,1,0e5c138ca746633922f8ed55b2c3d005,fe49ee029e61e789a1f3a5525f57ba8d,2026-09-01T00:03:55.692Z,24.62,5.37
361fa093-18d0-4974-90fb-0b6453399b4a,1,37e25cb997fa9c3559b68928bdddff23,0c8380b62e38e8a1e6adbeba7eb9688c,2026-09-01T00:03:55.692Z,249.04,25.82
361fa093-18d0-4974-90fb-0b6453399b4a,2,da7da0c2d3f2dbb32bee4ad3cf467fc6,05d2173d43ea568aa0540eba70d2ca76,2026-09-01T00:03:55.692Z,300.33,23.25
ed821d9f-83a9-4102-8c61-71dbe400aa86,1,3ed88583f131691a34dbc2b4e4f83f2e,6fd52c528dcb38be2eea044946b811f8,2026-09-01T00:03:55.692Z,35.76,30.04
ed821d9f-83a9-4102-8c61-71dbe400aa86,2,e87093a08e761c9fbf7dd461227f66c1,c43d924a0f1688ee9fae0efcd6f539d4,2026-09-01T00:03:55.692Z,78.76,16.7
ed821d9f-83a9-4102-8c61-71dbe400aa86,3,0c3e039a06ef40bce9a30c05a247f77e,876182d1918783bbe15233febfbd4926,2026-09-01T00:03:55.692Z,176.22,14.97
93dcae9f-3448-4889-9c76-cd21fa95d652,1,ca00817d14c90f75f3695ef75030c907,1b7e5006cb25dd23ce8686691013b121,2026-09-01T00:03:55.692Z,238.23,24.75
93dcae9f-3448-4889-9c76-cd21fa95d652,2,198ec19b3806cc2ad217e159e4e09d58,83a75eea11694e36e56dd0cb2240229a,2026-09-01T00:03:55.692Z,253.18,31.36
c5b77a9b-b3ca-4224-9382-50bd7b0e95d4,1,e35e57ac692a504d2fbb8f30e188c693,a5cba26a62b8b4d0145b68b841e62e7f,2026-09-01T00:03:55.692Z,188.74,7.61
e8a5eca8-2921-4db0-aaea-c280f845961c,1,895e0a8c1cf8a915c6a0d5d2a91689b6,5e25c632f9db6cfb8bc100421c2737b6,2026-09-01T00:03:55.692Z,210.38,6.16
e8a5eca8-2921-4db0-aaea-c280f845961c,2,01175f0c6182b4410c669417d7e8268f,f1ce5fdecd64935c28b9ff932751d0dc,2026-09-01T00:03:55.692Z,120.46,22.56
e8a5eca8-2921-4db0-aaea-c280f845961c,3,7e42f7c4405ac2fdec454c0497facd83,c68fb906c8f4b4b946d8386bfa6e5467,2026-09-01T00:03:55.692Z,135.21,10.17
f7ca4666-f028-4044-a765-b1b0d4fb6276,1,279c4f688c1562c5f221f139179389c9,11eac105f3f90a9b87b19c89d91e24f3,2026-09-01T00:03:55.692Z,151.56,35.91
b50634df-04e1-461c-adf4-709a0f07ef3e,1,671daae289ba175770580ddd6240ef76,ba89796db68db180bd389de96b2ff3b6,2026-09-01T00:03:55.692Z,163.17,32.63
fa2d5522-4c23-453b-b0d6-3c1e491e3ed6,1,b3c9fbea83e09f3d0994b2f8301c89a7,ff063b022a9a0aab91bad2c9088760b7,2026-09-01T00:03:55.692Z,65.78,13.25
16d0c762-5296-4246-8a29-db280c30fe5d,1,6f735de7025b8e74fc832dfd6ec2bf5d,3a734b715d333a2588a3d54a0c9b8746,2026-09-01T00:03:55.692Z,216.48,39.29
16d0c762-5296-4246-8a29-db280c30fe5d,2,a9418952bd0aee716d44d25d706561b0,85044848b1b767db2a4a58526adef4b4,2026-09-01T00:03:55.692Z,42.02,37.74
31dafd9d-1a52-4674-93cc-ca170b318de0,1,edaa2bd93560f6d79e10b21fa2858004,5962468f885ea01a1b6a97a218797b0a,2026-09-01T00:03:55.692Z,220.95,14.02
31dafd9d-1a52-4674-93cc-ca170b318de0,2,70ee18fa7f4c08a0d334497bf8969f59,83b08de96980757220871b31bf6cffca,2026-09-01T00:03:55.692Z,219.64,30.33
4cc0e8ed-0e69-4857-8a00-812de8ee9c00,1,e619ceb6b2a4196772ddaa5c6e0368a7,69b5eaa096c3f9d1e5c398c597f567d6,2026-09-01T00:03:55.692Z,14.26,18.66
4cc0e8ed-0e69-4857-8a00-812de8ee9c00,2,ab687729e8507381d0b4aa32bef2d723,6c6e3d67f969468f3bfd33f827a31222,2026-09-01T00:03:55.692Z,636.54,8.86
4cc0e8ed-0e69-4857-8a00-812de8ee9c00,3,cdd68c0ef3e507db79631336cf9ec285,b56906f7fd1696e043f1bcce164c487b,2026-09-01T00:03:55.692Z,257.66,15.05
6d0dfa8b-3511-455a-95eb-2b3210db3cb3,1,332b3e10a1e54aa72c52f41221eb53ab,1703bc09972dab9782e7a9194943b69f,2026-09-01T00:03:55.692Z,224.02,2.53
bdc6f6ee-182b-4655-acdc-20876c50eb63,1,fd9bc1610a48cabefb0ef59453f7ebeb,3d62f86afa7c73be2628a3be1423f5a0,2026-09-01T00:03:55.692Z,178.28,7.66
bdc6f6ee-182b-4655-acdc-20876c50eb63,2,5bf0a3751ac1a1c1253ef97a027b8c13,f6122bc84774df1b372bdb3bb88ddb9f,2026-09-01T00:03:55.692Z,116.76,10.55
bdc6f6ee-182b-4655-acdc-20876c50eb63,3,9766505cde62429c3629bb6411cd9dc4,916748bc99315c2d202898ae58b1617e,2026-09-01T00:03:55.692Z,166.23,19.74
837f4639-c995-4e9a-9a9a-6539ed201b1b,1,73f904226d62f004bbd49c022e686999,7202e2ba20579a9bd1acb29e61fe71f6,2026-09-01T00:03:55.692Z,173.65,17.81
2a4782ba-207e-46d7-9672-0fd47488ea38,1,303b5f49ba6dd3d1d40aa3fe9b4f0bf9,8cf21434553b02cbd37c0bbd07e041b0,2026-09-01T00:03:55.692Z,66.23,28.29
2a4782ba-207e-46d7-9672-0fd47488ea38,2,4821fcfd5ac4f89ee295f3ac1f20c7a3,e5a38146df062edaf55c38afa99e42dc,2026-09-01T00:03:55.692Z,25.49,14.21
5105fbff-b931-4fb1-842e-47d8a61b38fc,1,b9e247fc923da7d723c2545b76efe01e,8daab2245ebdc277c51098d01c5ad8ef,2026-09-01T00:03:55.692Z,319.79,22.06
beee1a9d-444b-443e-943d-f8bd175715f6,1,e0f55a53bebaae74a51a8fb9639681d6,270572bb714b00531be85e16e1550f26,2026-09-01T00:03:55.692Z,113.89,13.63
beee1a9d-444b-443e-943d-f8bd175715f6,2,5688e01178de72fdee95d7d456d387fd,38f276ca6e7cc95a6d1bb55ac9e5550f,2026-09-01T00:03:55.692Z,183.74,18.51
cada20cc-b746-4009-a41b-a86e5750be7a,1,8aae4df46baf1278422b69edbb50bd35,cc5a78bbad32776dc4e3af205218368c,2026-09-01T00:03:55.692Z,103.05,33.86
a1da248f-a612-4e23-a843-9e4d8b87b0c4,1,3889a02f55ae9a5e5e321c4a4d2eee64,bdb3edbaee43a761e2d4f258dc08f348,2026-09-01T00:03:55.692Z,396.56,36.71
396454c8-4b03-4325-bbf4-836743e99e05,1,50e015dd53fdcfa8502a7e6827e1fbe6,9e9b539eb2806acee3f5c28085c1db9f,2026-09-01T00:03:55.692Z,131.73,14.2
47d49c70-73a1-46a8-b048-db4a2e4bd619,1,e80d316020758033fb0247e553f8a640,d05ae8f7a5bd1d2a690a44cd079e4e27,2026-09-01T00:03:55.692Z,322.38,16.0
2fbe3521-fb7f-407d-a35d-3619bdce21e2,1,1b5b6bd531d2e0b1650bbabac62fa352,a806a4bb063ea7ca6d374eafa50a6058,2026-09-01T00:03:55.692Z,213.42,16.61
2fbe3521-fb7f-407d-a35d-3619bdce21e2,2,e5ae72c62ebfa708624f5029d609b160,f41ce2e25237f9092cd8e6e7516c7a2f,2026-09-01T00:03:55.692Z,137.15,34.69
bd7bdf8b-adc5-4078-8c2c-c8f48a4e717c,1,432f8a18d8c5b519bf3860e2f32c3273,9bade61a92bed55a25d2b67b9f4ed739,2026-09-01T00:03:55.692Z,112.76,23.94
69877406-a7d5-477e-bab1-989c60286fca,1,d458378a178cd7cae60052319cebf235,562f8cfc51f265411f487d07e9c40e7f,2026-09-01T00:03:55.692Z,147.93,0.03
29052805-19be-4733-9f30-84ff3a0bfb1d,1,fc6b299cf83fa76632dd1b0a2c611f33,d79e8478eed9999493990b44955fb22e,2026-09-01T00:03:55.692Z,13.91,25.61
3be4224e-4b86-4e3b-96c0-9982aae60a8f,1,dbd024d4182504993ad1e3cd2ee9d9e9,ea67327e24487bdfac5fbfa37ea124df,2026-09-01T00:03:55.692Z,30.78,12.34
3be4224e-4b86-4e3b-96c0-9982aae60a8f,2,d3a10b49783a6ba7ea46526fc79aea91,33a17d60c64393351ebf1ef860f4e0f2,2026-09-01T00:03:55.692Z,292.82,11.6
efef10e9-4705-4663-b17a-594a6e6fef03,1,746789f724254a8b473de5a83f4e2a92,734def04b237117a09321dd6d8f3f2a2,2026-09-01T00:03:55.692Z,181.02,18.52
0ec800fb-367f-4ed9-8e27-232b08102107,1,205f96ff730dd709636da2c7b9cb7ca9,011b0eaba87386a2ae96a7d32bb531d1,2026-09-01T00:03:55.692Z,23.55,48.19
0ec800fb-367f-4ed9-8e27-232b08102107,2,b0141fc41043ae23a16677f3a7e282b3,f9ec7093df3a7b346b7bcf7864069ca3,2026-09-01T00:03:55.692Z,148.13,18.94
0ec800fb-367f-4ed9-8e27-232b08102107,3,3914a208bb9313e3d980399268ddd54e,c7fdb77fdbff3c41981bc52f787e959e,2026-09-01T00:03:55.692Z,6.15,23.96
05691e6a-5cec-4c69-9248-aed13e90c25f,1,cad04bbd56e9e1392a586f51477a7e3b,b0b346d3a89f5eb4c2968af3f083cd43,2026-09-01T00:03:55.692Z,125.43,29.12
bd81c262-7fe9-459f-a6a8-3002b1fdc3ed,1,4cb4ef491872bfc6e910b343d46c6325,beadbee30901a7f61d031b6b686095ad,2026-09-01T00:03:55.692Z,5.0,18.17
d4601d4b-a170-43ab-97e6-f2194e379dc8,1,189d6b9a380642d0ee2245277cc9b2f2,289cdb325fb7e7f891c38608bf9e0962,2026-09-01T00:03:55.692Z,173.04,22.85
d8d5215c-8746-43e3-abad-5b44a59d75d6,1,8787e56abaa84fc6c3ba9afa857632b1,c0e6839516f5398edc34adf5f1d53d1a,2026-09-01T00:03:55.692Z,28.27,24.77
2e87f3be-be0b-4432-918f-8e62bdc071a1,1,c6aeb159daefcd63e4caed10bf47ef0b,7ea5bfa6c340f58f8e71fc1f0412b0d6,2026-09-01T00:03:55.692Z,36.19,14.6
0d90ddf3-3929-4eb9-814b-f11974f5e2f5,1,737d944446ee3b1e8c234bc57ecf7ca8,6e4a902d1054e4e17aa6eab87fac1c75,2026-09-01T00:03:55.692Z,203.07,15.54
6b0fd135-ded4-4476-950f-0659e2ac9597,1,fa38bcb3a473be0c408207618946a8c1,6a8a889bde935bafa76d7848782dfaf9,2026-09-01T00:03:55.692Z,122.39,26.28
6b0fd135-ded4-4476-950f-0659e2ac9597,2,94e87c8d2cac9ca6fa8c91b99712caaf,334cab711dee080b079fa5779b584783,2026-09-01T00:03:55.692Z,192.12,14.17
26119b48-8912-4d9d-b2e2-ce7d78b9e20a,1,52a085323b6c368f0ab93e7540614992,66d5ae34537110d3affc56174dad2b2f,2026-09-01T00:03:55.692Z,189.85,21.74
57cd3bba-d834-46c6-803c-aa56ac9cb1c8,1,cdb2152dbfd2aba4877dec3532c819e7,88cf19ec1fc2c58f161aee259d57142c,2026-09-01T00:03:55.692Z,37.94,31.18
cd9807bb-91f6-44a7-9e1f-242f7f8e5f5d,1,fcf4c9a897ae906e5a467ebf4589dffd,cfa5ab0e4d3fc212fd0b3410e7081c62,2026-09-01T00:03:55.692Z,73.71,20.77
cd9807bb-91f6-44a7-9e1f-242f7f8e5f5d,2,9e809bfbd8f6387e9bfbccd76087c82e,cfe94489ddd337d1e29e12f2a7205d10,2026-09-01T00:03:55.692Z,152.35,27.08
cd9807bb-91f6-44a7-9e1f-242f7f8e5f5d,3,70e0c10acc3dd72e17f2136ddb027317,6824a69c9ea0313eba299dd4a2dba09a,2026-09-01T00:03:55.692Z,202.51,26.97
d36a80a5-3999-4f00-97ed-4d940d3ca30e,1,1fc3aadb8bb11f56f13ea8999066bd81,f9a02f1922d1de564392e656d82b3fda,2026-09-01T00:03:55.692Z,130.79,34.64
1e07c87c-9980-4d33-b616-e2e0d5d89bac,1,4ba9263261711e19aa09a61e3ab72316,5d0363b33554b373851fc1622e4d5f3c,2026-09-01T00:03:55.692Z,202.71,10.15
1e07c87c-9980-4d33-b616-e2e0d5d89bac,2,53b7965906cf23c063da1ff89f50a257,620c87c171fb2a6dd6e8bb4dec959fc6,2026-09-01T00:03:55.692Z,186.96,16.96
1e07c87c-9980-4d33-b616-e2e0d5d89bac,3,b55d740a9c9a5e4b9d681828a82d28bc,d25aa0aaacb370e912f8cf6efeba38b3,2026-09-01T00:03:55.692Z,239.82,14.83
22eda601-9047-4521-a573-09f26fa04123,1,d6bcc9649c52a826c656563ffb87a036,9da15f4a4ea758d9eeb49000dbe57e22,2026-09-01T00:03:55.692Z,343.21,20.72
2324fc85-8e8d-4838-8953-2c8630e076f6,1,d600d7ad2039ff6169fef341624fd281,7e3f87d16fb353f408d467e74fbd8014,2026-09-01T00:03:55.692Z,281.27,6.92
0e0708aa-0d6e-452d-8646-f100d3d873cb,1,f86ab4e67c4b9e24b61a0abab8cba388,128639473a139ac0f3e5f5ade55873a5,2026-09-01T00:03:55.692Z,291.61,22.61
b0102b31-abb4-41a3-a41e-7af97c83b2fc,1,32224b437cefd35300f4adeff01db8f4,35ef5aa32949680f627efec3c23e705c,2026-09-01T00:03:55.692Z,141.09,33.42
b0102b31-abb4-41a3-a41e-7af97c83b2fc,2,00f42e56821b1779fbf397fe72639054,0791d9fc1e30678ecf03d3e55fa108d3,2026-09-01T00:03:55.692Z,214.99,26.06
48e2635b-850c-45ff-af0c-f4cbfccf488b,1,f3c5f7d4a6b87b94a7ce5fa1c1b2ca10,269c5fc9fcadee614364c3620c30a1f9,2026-09-01T00:03:55.692Z,305.63,25.72
48e2635b-850c-45ff-af0c-f4cbfccf488b,2,c2f2d10f8b047f5cffef731479a34432,8a130737016f838139d31878787a39c9,2026-09-01T00:03:55.692Z,237.37,18.34
351c515a-e1e0-4e02-9cb5-e203c3f868cd,1,3fde071523d485031f4f0fc9fe1c42e4,91f848e9f4be368f4318775aac733370,2026-09-01T00:03:55.692Z,222.45,19.56
dfbf56f1-b82b-457a-9a94-3e27b6f73397,1,146f38b5c222913dbe6606e5a25cd318,7ecef8194babfec876ca720714327841,2026-09-01T00:03:55.692Z,127.06,9.0
0a14964a-a3fd-42c3-ba8c-0819f0a628b7,1,7c1001239dfe84755f6c35910436abd1,2ec6e37d992a95eaddb3369dcbcc76d9,2026-09-01T00:03:55.692Z,141.2,25.39
f7463629-1840-47f6-ba3b-d08c693c8fe3,1,4033dc4f8f073776b3048ba040d67697,b6c6854d4d92a5f6f46be8869da3fa1a,2026-09-01T00:03:55.692Z,314.47,24.62
d6c328c8-acf8-45a0-8701-1d1b3bc6e6b1,1,9af4d74cc1b1181f4f35d4286c27bbcd,fb89df7f89fd1b8f03fa2acca1ba7364,2026-09-01T00:03:55.692Z,148.58,8.52
d6c328c8-acf8-45a0-8701-1d1b3bc6e6b1,2,c7201e0891f536eecd2369c50d0b04b8,56642bcb79900e777d68e91915cb4267,2026-09-01T00:03:55.692Z,225.09,19.4
74ce003e-b1b4-410e-a69b-aa437535b062,1,4407440c06d8c11ce1b2e61c4382a8f3,537eb890efff034a88679788b647c564,2026-09-01T00:03:55.692Z,94.47,20.64
c820bc98-21a8-427f-8b42-fa7bac4c5b6c,1,c7b3b8509e06ae21abdd78b541215cda,6a38087bc8ad4f89ff453561005f6dea,2026-09-01T00:03:55.692Z,199.41,25.9
cb2390a0-cfdc-467c-8961-c234fe4ac3c4,1,f74fae536818c7dea74d1e3d629fbbc7,6b243f80ed07b10f0e8aa0f21a205f3c,2026-09-01T00:03:55.692Z,24.86,12.92
e1ad38cd-41ae-49ad-8a1e-7d46ce266e25,1,04565ebccdd3c4acc43789823458d6a8,2089a6d640999f9b9141ac719b2af596,2026-09-01T00:03:55.692Z,272.96,14.58
c109fbf4-621b-4f34-93d6-68d382a2645f,1,872c150bc3167f3a4fd9214f82931358,5d505d2298ad549e4e4e835562fa0c1e,2026-09-01T00:03:55.692Z,5.0,12.43
de75cf41-8e35-4a92-bd3f-f58cb01cfb5b,1,4b2422ebbc6723e80f355b11b4d8fba0,8a2d12a90e92f012ce5226fc6592b653,2026-09-01T00:03:55.692Z,223.44,31.29
0795d568-3870-420b-9b06-c706825d98f7,1,56d708cb5ce58c2040a3b18a0cb33497,7a188843479798ca813108fa7b959286,2026-09-01T00:03:55.692Z,57.79,16.68
0795d568-3870-420b-9b06-c706825d98f7,2,9fe9a0df683befa474d984548f5e8f3b,fa40cc5b934574b62717c68f3d678b6d,2026-09-01T00:03:55.692Z,42.95,8.78
0795d568-3870-420b-9b06-c706825d98f7,3,2691bad4b1d8eb94ea5f2ccbbd582fca,436bf27f2f18474fc6047702e9f8a866,2026-09-01T00:03:55.692Z,5.0,16.86
555470f6-9083-4764-abb9-d5848cc4cad1,1,0288f8dd74b931b4ec7a468fdd6ed040,ce20a2ec1514c25e16f2b5b39bc818f0,2026-09-01T00:03:55.692Z,187.76,12.57
555470f6-9083-4764-abb9-d5848cc4cad1,2,c0681a586716a6b03826f9d15d4bc830,c200c73f9d7e5a08ca439d6a0803da7c,2026-09-01T00:03:55.692Z,74.64,28.91
fcc6bf0f-e316-4ff4-9f9c-1b55cb6af61d,1,5072bfb5e5e1ce79d108a610b6b22642,cfb1a033743668a192316f3c6d1d2671,2026-09-01T00:03:55.692Z,164.42,44.34
fcc6bf0f-e316-4ff4-9f9c-1b55cb6af61d,2,eea3e07f864a0a1389726d8a5f31c3f6,77e4abfd739aed9c46480f90f81c0eb4,2026-09-01T00:03:55.692Z,110.94,3.8
fcc6bf0f-e316-4ff4-9f9c-1b55cb6af61d,3,28a0aebd7bf7ec9b31443c4cfd3e0f0c,9996ae921c50e8dff411ac69c0b4bb8b,2026-09-01T00:03:55.692Z,82.32,32.68
01f12a06-c372-440c-bcd3-dd755e82ce24,1,c664fefd1535d526b427ea18dab22bd3,2b402d5dc42554061f8ea98d1916f148,2026-09-01T00:03:55.692Z,14.96,11.23
2c833836-b909-433a-8cd7-2894309d1554,1,339dfa68c25548e53903cd44e090f28f,1b61fb1f0f2185d89e9a126c498e9cc7,2026-09-01T00:03:55.692Z,372.37,14.63
877e4ad0-c176-41d4-b068-a8919a44b0c4,1,4907ffcd08e217fc8e169a8e9584abc4,9fbd5666d8618fa571c4230fafa09bd6,2026-09-01T00:03:55.692Z,457.16,1.23
b140f371-d358-4ddc-91ee-417d329a2125,1,b800d7bb8cd5a7093dd099a367d1dde2,86bf77bdb52e615674772d5817c6212f,2026-09-01T00:03:55.692Z,387.36,32.43
d4c6e031-36e6-4fdb-80f4-17542d4395e8,1,9207d6b9c76ea46cbc5b101a23293cc2,e06f09ec0a4aca210779cf1cfc63cf19,2026-09-01T00:03:55.692Z,149.07,18.09
05638c30-b804-4ebd-aefb-86ed0e9f26c4,1,cd00bff3b274caea4aac883ee3a8da56,9596c870880d900012f2e8e6e30d06d7,2026-09-01T00:03:55.692Z,170.75,10.26
05638c30-b804-4ebd-aefb-86ed0e9f26c4,2,4cd531c7f4447ebff6dd6bd12993fab8,acce39e832338debb07b02385cde5967,2026-09-01T00:03:55.692Z,98.27,31.84
33cacc40-a8ac-4ed0-913a-23acdff94be5,1,aa280035c50ba62c746480a59045eec4,de23c3b98a88888289c6f5cc1209054a,2026-09-01T00:03:55.692Z,183.58,13.42
6937f760-b2e5-4400-89e5-292b5d3832a8,1,4dab5b862124c607243bbaebd2684bcd,1ca4bdb0cd7fc48e949bac066188ed26,2026-09-01T00:03:55.692Z,166.56,17.94
81c2ca75-5044-46f3-baed-71dc53f92a52,1,d31d37381e5760bb91654d898e9c1a73,2aafae69bf4c41fbd94053d9413e87ee,2026-09-01T00:03:55.692Z,89.16,11.29
81c2ca75-5044-46f3-baed-71dc53f92a52,2,1559e46cd3a07441620f97b068268ae0,cb0b3bcf14e0a709df412a99424a59d7,2026-09-01T00:03:55.692Z,223.95,5.7
81c2ca75-5044-46f3-baed-71dc53f92a52,3,f08e8a22fd29fbb0b2b09c220758575f,3442f8959a84dea7ee197c632cb2df15,2026-09-01T00:03:55.692Z,190.17,22.84
cea82a59-614c-423c-abe9-3f08936b3b4a,1,044de1dc695094f06e9eca6c19921f20,83d7070a0b9a8b4625fa8682b819fabb,2026-09-01T00:03:55.692Z,37.01,24.32
cea82a59-614c-423c-abe9-3f08936b3b4a,2,871238c57d25f282d163be9e712c36a9,b7cc6c5e001441ae8cdd5c69a480cbe4,2026-09-01T00:03:55.692Z,209.19,6.9
221d07e1-c7b9-4a11-a91b-740980953f06,1,2b703ec635a9868dc7da64dda15cd828,b416191c9813d821a295cfabafff4161,2026-09-01T00:03:55.692Z,9.6,14.08
b11c0a08-5668-4f17-b380-97a4f042ccec,1,6b5e28354ababa66e691a8072681427c,cb9fb4ca75d7ba8437480e8dde64fe98,2026-09-01T00:03:55.692Z,116.49,12.85
b11c0a08-5668-4f17-b380-97a4f042ccec,2,4579e87cfe02f4b4eaabb298a254a5b9,5566627eab3fe93fd6ee08798226101a,2026-09-01T00:03:55.692Z,231.95,25.96
736d62b2-fd0a-402f-b813-2ec2ef877bfe,1,8c49cb6b9f063faf0ec568571e59072a,f205b1a3ca9a34e0f8a228bae6e4c7b3,2026-09-01T00:03:55.692Z,236.27,30.19
736d62b2-fd0a-402f-b813-2ec2ef877bfe,2,6c78bff5bec87601a4039b471189c489,8e2b3afb420011ef0c88c9d5f11ea526,2026-09-01T00:03:55.692Z,242.57,24.09
e1cbf796-694b-4480-9a99-44dc9070c048,1,6c81db10f914c4d032b14fa93aa0a818,70f84699be677ec988d1fa824aef7d90,2026-09-01T00:03:55.692Z,328.89,15.32
e1cbf796-694b-4480-9a99-44dc9070c048,2,b67444235c5d1da1b9e136f66fdf3fd0,11bfa66332777660bd0640ee84d47006,2026-09-01T00:03:55.692Z,29.98,13.69
e1cbf796-694b-4480-9a99-44dc9070c048,3,aba85c958ea6774626886041ac01acf1,bc07d855eac23aab5ac8a120f21d16b2,2026-09-01T00:03:55.692Z,63.41,22.67
516bb5d6-39ec-49c7-b570-d8b1ed53ebee,1,ab592db756fdbec7cc98b2cd91ed51d0,f021c962aaba8ef6eb527a9c2c8394d1,2026-09-01T00:03:55.692Z,261.76,35.64
f09baa75-fd9e-4a28-939b-809267d84aa4,1,37a596b78c308cadd1669984686b04c4,9e94fa26a70ede4d26226e918e8706a2,2026-09-01T00:03:55.692Z,79.12,12.31
f09baa75-fd9e-4a28-939b-809267d84aa4,2,cf67ebdec22e11186b2129b5852f981b,160851d3ece7aa1a510f8d1a4bb8a8af,2026-09-01T00:03:55.692Z,282.39,3.01
f09baa75-fd9e-4a28-939b-809267d84aa4,3,53f94c255b909ffb24a4047e0c255b91,08633c14ef2db992c11f840f04fad4cd,2026-09-01T00:03:55.692Z,112.71,29.09
42d8c6e8-b1c0-4990-ad8b-0386e4ae58a9,1,376dbd64a8f0b17e74d40183e12f2f8e,bf3c6d2a28b2b5501e6c15448982dcc9,2026-09-01T00:03:55.692Z,82.18,26.04
fa8115c7-851a-43f9-aed9-bce52a730316,1,6f9771652ad5ec58e58f50475d6bfe0e,e45edf75f568ed2f93f78d060e246e25,2026-09-01T00:03:55.692Z,122.2,15.38
c64cf03e-8547-4162-af0d-41d1a1bf2f2a,1,fc44aa56f6950438772a08ec23552fd9,1900267e848ceeba8fa32d80c1a5f5a8,2026-09-01T00:03:55.692Z,183.45,21.52
862e7142-0f52-47b3-9155-0528b8d351db,1,67d4137622a3e1586ab26438993b898f,3d49bfdd1b43a7fe169b3740067acc61,2026-09-01T00:03:55.692Z,106.42,14.28
8e2651ac-6815-4bb0-9522-5108aa1da503,1,2fc1d23fa789d26055ab613cdb6173f3,b4ffb71f0cb1b1c3d63fad021ecf93e1,2026-09-01T00:03:55.692Z,24.77,10.09
d9c62de8-3620-4fa0-8333-802960fdff98,1,8006cc1b6dee0d91ffe9cf906016dac7,2f3d8b4c9e2ee165075331fea3f3095a,2026-09-01T00:03:55.692Z,302.84,28.88
4e00e77d-9f30-49f2-abb1-8c669145a3ae,1,dfdfd0def1171ab6cb6b8b095e2246e4,7ff588a03c2aeae4fbd23f9ae64b760d,2026-09-01T00:03:55.692Z,114.69,27.56
09e78f0d-1ec2-4b91-9144-c7e4cf844962,1,3ab4b1931a4bb6cbef302ea76254e850,29c322e3f09f886f8bacbe91dfbd979e,2026-09-01T00:03:55.692Z,100.0,11.68
09e78f0d-1ec2-4b91-9144-c7e4cf844962,2,f0bdec4f1c899ce1258888fa9d6db7d0,7c51de0ab286204ce75ff42bf7c10d92,2026-09-01T00:03:55.692Z,170.36,17.76
49a69b27-9303-441f-b5e2-65c581872783,1,4562a1390da3bb292198395483cdc7a7,0bf0150d5b9d60d9cd2906003332f085,2026-09-01T00:03:55.692Z,59.42,20.8
49a69b27-9303-441f-b5e2-65c581872783,2,f832d1b20241274bc51c2d691b0f4b94,638cba8be1fb599bbb76fd6948351eb3,2026-09-01T00:03:55.692Z,365.3,17.95
8e76a8e6-e139-4784-82b4-a5ef7f622cf1,1,e8b61f78db501ea0ca45677d1ca27de2,a35ef466c6fd6d052f5d241240d3c5e2,2026-09-01T00:03:55.692Z,301.03,11.56
a7a31877-795b-480c-9ffa-d56ad576c072,1,2a519472f15e92b4cbc8799faa5f491e,6dd7dce75cd55c1ce255dc38d9f0cd46,2026-09-01T00:03:55.692Z,212.09,12.59
a7a31877-795b-480c-9ffa-d56ad576c072,2,e034c021254ff4d8da4e936e047967af,d8cf3b6a2151949f930d0252b180ec42,2026-09-01T00:03:55.692Z,51.14,6.99
d7e1c5d2-d461-40cb-853f-4a978dff4fbe,1,322ecdda3eff7439376c27a5114fd114,3442033154be05bac582e173ef54fd12,2026-09-01T00:03:55.692Z,179.8,9.94
7bf6853c-5837-4467-af25-608c1cc3e426,1,6ee1607bacba780139e7f7fcd316c1d0,66fd84ee7528c0c0de85d0f44a73d5ab,2026-09-01T00:03:55.692Z,5.0,23.72
cd62af70-c9fa-490f-988f-06dccc2af039,1,23b943460884877c44de1ed05d357d83,9ac75591b69c3402684b6ce0310f22ee,2026-09-01T00:03:55.692Z,26.93,18.13
5fa7f8ef-7867-40f4-9b0d-3cf088bb4366,1,f0c39c49847d1eab4dae5245694acd3e,11305281b50fff20ae8bb473f8e11876,2026-09-01T00:03:55.692Z,448.1,2.69
5fa7f8ef-7867-40f4-9b0d-3cf088bb4366,2,a34838639f948d8f0727b695c2895cac,4e922959ae960d389249c378d1c939f5,2026-09-01T00:03:55.692Z,119.54,3.41
5fa7f8ef-7867-40f4-9b0d-3cf088bb4366,3,fe40f7377a50aba380fb2fca57cf730c,14ee35374a7876217954b5fa08e50463,2026-09-01T00:03:55.692Z,40.28,16.28
4cec556a-b72e-422f-97bd-7959f650358a,1,5ff59c5f2db7600fa8143442c8b1e4f6,968268a686aa05d1f529fb07dff08130,2026-09-01T00:03:55.692Z,99.59,17.23
1edb5289-5556-4241-9b9c-73eecd32cc7b,1,4601231c3480315049971ea0a61d3839,c3e1abd72a42fe690fcd89cf5720fe29,2026-09-01T00:03:55.692Z,119.27,23.53
81e0b277-8ae7-4000-91e0-bd3fdb736018,1,196a8ebab62f48072dc189014d46a8d3,0ea22c1cfbdc755f86b9b54b39c16043,2026-09-01T00:03:55.692Z,399.81,13.32
8b39a397-935c-4872-beb8-05589eea4d0d,1,e948cf75e6b64307f7f76a49eaa9fc2f,08084d990eb3f53af056ccbc1730c8a7,2026-09-01T00:03:55.692Z,123.13,4.15
b859d9af-6860-4ed0-a26b-1cd35a522975,1,297a5f6e0aaf7b32fb0fc7483944105d,c3ee2331a724e6fc02c4b698b57a73f3,2026-09-01T00:03:55.692Z,191.07,16.95
3846d718-ed13-4173-a56e-ebb492980f86,1,7c1ac37ea884ec9c46ebf155ffc53d50,1782ce2db72c3dda627d5e7c898104e1,2026-09-01T00:03:55.692Z,56.48,2.65
6a026b69-e7d7-4b57-b709-acbc6bad070d,1,127a2524a6031c086994214acb167abb,2379bdc3888025689a9deb7b141507d5,2026-09-01T00:03:55.692Z,196.24,10.34
cd57182b-97ec-4fcc-b2c1-2fcf63df88d2,1,a03e401d58a45187271718c5d7610422,bf0d50a6410d487dc97d2baac0a8c0be,2026-09-01T00:03:55.692Z,437.04,14.89
488ad30d-089c-4d16-8696-80c500f73604,1,473ecd4c15ecda05e4044ef14f1f4c2e,dc317f341ab0e22f39acbd9dbf9b4a1f,2026-09-01T00:03:55.692Z,402.23,15.41
a87c08aa-5f18-4881-97f9-675919c2fb36,1,0538b3ea14af3cc3ee6bdaf940367cee,b39d7fe263ef469605dbb32608aee0af,2026-09-01T00:03:55.692Z,247.55,19.13
cefb94ed-a492-41c7-9992-b594bd32a7a9,1,4f0e806431f76599423676fd485109ae,528bcf6680c36dddf07620bd35b33a6f,2026-09-01T00:03:55.692Z,293.25,9.41
72aa0bdd-1e76-4540-a0ff-aff32b784c80,1,83c3d4602324544954d73486c1a47455,262237171f48e85819065498cac80d7b,2026-09-01T00:03:55.692Z,282.55,7.25
72aa0bdd-1e76-4540-a0ff-aff32b784c80,2,d22a5221a26ff421ad353360421f799a,d101c6da914ae3d53f7bee42283f2fe2,2026-09-01T00:03:55.692Z,385.22,12.54
b02257a8-a498-4a1d-ad57-6789ccd7eb58,1,2b6d377fa9397de28c3d3e1684bb2c4d,e70053bf73d1b5863932e53a9fa47496,2026-09-01T00:03:55.692Z,18.89,14.86
b02257a8-a498-4a1d-ad57-6789ccd7eb58,2,b4ea7aecf6304f60fe63221697a8e33b,4c61e37f664c3c88aff092aa5ac779d7,2026-09-01T00:03:55.692Z,148.98,4.84
e7e4d4cb-c173-448b-86d5-a43f667d7428,1,d48782d1a53a65a84d63efd6aabd4f03,2493dc3f20131696a0ecdb9948051a8d,2026-09-01T00:03:55.692Z,202.73,29.23
769e0ca0-61aa-4d60-b387-8f7648a85226,1,68a058d125ba1544e726898f0b8c0523,152ee17e4c8aaf53dac99f3462e4999b,2026-09-01T00:03:55.692Z,417.59,18.87
632f461f-ef85-4eef-ae1d-287029466dc3,1,43e09fcb6175856e87a4d9b91321addb,48436dade18ac8b2bce089ec2a041202,2026-09-01T00:03:55.692Z,20.3,22.97
632f461f-ef85-4eef-ae1d-287029466dc3,2,4a78f5e17416dcfec28c101279235838,058fd0aa2bfdb2274e05e1ae971dabb6,2026-09-01T00:03:55.692Z,241.61,16.41
cfb4ecae-f109-4c63-88bb-e2436de20b58,1,6ff59583fa5e14b6abbf806baeecc8e9,bcc9dd23e2a8bd8267cf92b19304a1b9,2026-09-01T00:03:55.692Z,5.19,7.88
afb7cd47-b06a-416e-852d-961d00ef0b41,1,a3d7c3deb27013525667b8dfee3aa788,b18871c324516afa228a13e8f1ef0ae9,2026-09-01T00:03:55.692Z,230.52,18.98
b72a45c5-b6e4-4db5-b220-400d427f0ae3,1,4128a326a8aa3eb532eb2c120520663a,1710c3aaa9c6b44ec3883ee0fe300e21,2026-09-01T00:03:55.692Z,116.78,9.91
7770e539-cd85-4bb7-b964-c5b405c426fb,1,38b5079a807bb9f22ddfa46f929accee,e5def42655b7490edac5a56fe8e9e603,2026-09-01T00:03:55.692Z,29.75,28.67
e2df5138-2971-4b09-aa9a-5af48816714e,1,942328ba3a2546856b7361547edf6eb2,b372ee768ed69e46ca8cdbd267aa7a38,2026-09-01T00:03:55.692Z,62.81,10.28
581013d3-9187-462c-82f4-2a896034b3c4,1,39f3ae59da5b8f220b4a98a157b93af2,141440cad9341e553f8401c574a2aa38,2026-09-01T00:03:55.692Z,73.73,15.46
e27ed50d-82c0-4997-a28e-cd02f74b1d2b,1,d64a5abc068bfa0e7e1b7ad7f64fe96c,b98b715fe9e276204e2a3464f48cd796,2026-09-01T00:03:55.692Z,218.63,13.2
9586fa9f-e6b9-42a3-b506-0f818ccf8675,1,125efe6153a8b6ed25ed7cabdd43c1a6,4bde6149c15cf7e177b36fa060dd6de8,2026-09-01T00:03:55.692Z,45.61,28.28
f7cf7593-8af1-447f-88aa-110082b49ec8,1,1764de90ccf31194230a1d33c9cb7dfd,b2c97074649f92197d9387d9033dda5f,2026-09-01T00:03:55.692Z,331.37,22.33
f406dead-1d48-4e3f-a60d-db89933799ef,1,b28428391b08e61232dcc1ccf6bf71bc,f262cbc1c910c83959f849465454ddd3,2026-09-01T00:03:55.692Z,37.51,27.46
da1b134f-88e3-48dd-bc8d-17165a1469cf,1,4c8541293fb2d3359cf52485b4d59b8e,a81466620e46a6970b22ef40379fdfc9,2026-09-01T00:03:55.692Z,128.79,21.05
da1b134f-88e3-48dd-bc8d-17165a1469cf,2,d3153ef55a46de1972249b0a044c5bd7,d20b021d3efdf267a402c402a48ea64b,2026-09-01T00:03:55.692Z,262.71,25.75
ef6ea438-dc9a-4d8a-8e8c-38851e44c52f,1,164e1fc9dbbb8ec54611e3eaa25ef263,028872bfa080090a9d0abd4f1af168f8,2026-09-01T00:03:55.692Z,345.48,27.05
a49dba73-361e-445d-90ef-4a9bc0c372c5,1,14ba2925721da57b9f9edeff3d3c2d16,a3082f442524a1be452e3189e003b361,2026-09-01T00:03:55.692Z,209.74,14.92
298f7f94-317f-42ab-8770-3fb11e2bde97,1,7053801e678b47c7ff38186602188679,1b8b75e227c9a9c100d0c210fb6176ce,2026-09-01T00:03:55.692Z,334.38,11.14
581da38b-3a5f-46c4-9351-760feeeb99f5,1,44feb28a74abb0f2f303412d60160750,84c945f15571830c1a91a33978e94009,2026-09-01T00:03:55.692Z,106.37,6.47
686e994b-9452-4b7b-a884-d0df3f60900d,1,130482add9fd75ccb6c57ba007694a2d,7fc87cc3e89b3d1d5cabdca32f8485aa,2026-09-01T00:03:55.692Z,110.91,12.01
686e994b-9452-4b7b-a884-d0df3f60900d,2,4cf46fe8e4eb3de47d0b04d7ee87e7f2,e8b4225284fbb02d16f200513f1f395d,2026-09-01T00:03:55.692Z,217.4,27.51
686e994b-9452-4b7b-a884-d0df3f60900d,3,fb10a064e6f5151ebfffc589e166c917,a080fc8a850289b27500f6b49cca2553,2026-09-01T00:03:55.692Z,247.65,8.98
7b7b10cd-295e-496c-a60e-2f6f09006ffb,1,fb98e86cfbfbff699907f0a84784d474,8fb791022c1fc8909664f48ab7dc636d,2026-09-01T00:03:55.692Z,143.28,5.59
a0acca6a-548f-4485-b7d3-eeff9d46b551,1,952e73f7e8bee61569a32b35c19bc981,2ff97219cb8622eaf3cd89b7d9c09824,2026-09-01T00:03:55.692Z,211.52,14.6
a0acca6a-548f-4485-b7d3-eeff9d46b551,2,cfc8387fba4e6ae4b53d099e98fc095a,5e105f5c9f63f5f1fd75d6cb942e55b1,2026-09-01T00:03:55.692Z,290.63,33.32
961566ea-0fdb-48a2-b0ed-9161960cf8f4,1,6435be64ad92f52631170f9a92718a99,55d3daac7c404d59e51c2aa2f4dc5a23,2026-09-01T00:03:55.692Z,195.08,6.6
961566ea-0fdb-48a2-b0ed-9161960cf8f4,2,10dd77710da08ea43018cb3b4cedff92,3dc69bf2c42f0568a5c4791ec3fd3745,2026-09-01T00:03:55.692Z,230.38,27.14
1ae10626-b0b2-4489-a724-5469fb8bf495,1,712a72a78ffb66cb6eee87eebbf54519,577719699805dd125d5b6fdde5943bba,2026-09-01T00:03:55.692Z,501.7,17.85
30785db5-21d0-4efe-aa83-33fd1a58d763,1,2f0487d88dafacc1e64b8ab65820f96b,870d0118f7a9d85960f29ad89d5d989a,2026-09-01T00:03:55.692Z,404.75,39.33
0a2a21cc-5a2d-43d0-a2fc-972f3071e5b8,1,666a984f022bec9d8c30060c4bf355c7,58c851d1a3c7cd3da329eb59453fed44,2026-09-01T00:03:55.692Z,119.52,31.92
d946db6c-8d8c-40ad-b6d7-f05896742494,1,0075c14603d80515e20908c156ceb47b,655220df33262c7e0c4949a147366f94,2026-09-01T00:03:55.692Z,39.5,8.98
ef3dec51-02ad-4594-b8e0-6541e3b8de2c,1,421fbb32d56489554d727fbd4b2fa65d,26d8a1c7c75d513045798992ead43aa2,2026-09-01T00:03:55.692Z,225.11,30.33
81815cf4-1485-427b-98e2-febc67d19523,1,19732aba12eb262beb9140786ec093ce,e48cc16ab70bfa09e1401740dce0b3d7,2026-09-01T00:03:55.692Z,93.0,23.76
40055c7f-b844-4b74-a90a-01d16b15fd29,1,41fa7e83aa499518d6e793a30a1ce242,b5f49fe968dff6b112861e6cd8e192ef,2026-09-01T00:03:55.692Z,29.5,34.95
5e3abd87-b7e0-41fe-8a54-044185ab163c,1,4b2772e2e34787603725226af352e466,38af8acfd46ac4a7bf754e8ca6736664,2026-09-01T00:03:55.692Z,61.59,21.81
937bd93c-13b1-4589-9316-73ad8463f430,1,c91a4838537a5f096143003b1a72ec58,ea8482cd71df3c1969d7b9473ff13abc,2026-09-01T00:03:55.692Z,390.19,29.9
937bd93c-13b1-4589-9316-73ad8463f430,2,685c297d0eda4eb885028d8699df7a8b,41c9d3997dd3c072c31139dc5bb5761f,2026-09-01T00:03:55.692Z,26.08,4.76
41534397-63c5-4b3a-a031-22e3f2b80b2e,1,912ab68074130a81d1d94f48b67150a2,59bbc819b99a733f02f0d6b49d1c253d,2026-09-01T00:03:55.692Z,19.06,11.54
3405286d-1e6c-4169-a25b-63ffda52475a,1,15d46964df616d5206807cd84b95b73d,538caafddff204241cecbf3a02e6b3cf,2026-09-01T00:03:55.692Z,109.16,26.13
98c96219-cc9f-4fca-a7e4-7728022a2e0f,1,57fd9b6a2704d7c8c9c82380c2e60f83,8a43128d7f9a3db592b866e6861a6cce,2026-09-01T00:03:55.692Z,13.46,28.28
2c84bd61-e2f8-4aff-8d9b-27a196605e52,1,351358ab05b8025c4314bcf20f851701,7e93a43ef30c4f03f38b393420bc753a,2026-09-01T00:03:55.692Z,301.01,9.0
5c2f4733-815c-420b-90a1-5eff20d66a8d,1,351cd19d35f2421c5419da9032a19856,66dc1b1632bd6a3e508510c5b3492107,2026-09-01T00:03:55.692Z,42.44,9.94
7c344b96-27f3-4db2-a7d1-948a3ede1fa6,1,e1963d980dceccd99cce847556e111ae,8b87cd0d43d49b9bdf40f56229364d59,2026-09-01T00:03:55.692Z,317.57,13.39
7c344b96-27f3-4db2-a7d1-948a3ede1fa6,2,1ec486885049bbb9b79351d150ed18c4,d93b8458c6fe139d85cfa5eadbf55bd2,2026-09-01T00:03:55.692Z,79.92,0.56
0c13bdf5-da76-4da9-9d7e-be82ad37b2a1,1,e9b2560544c293e02f2b966041e10f24,d6ab728cf30867cf3f1a2e216ae2f9b7,2026-09-01T00:03:55.692Z,438.46,11.36
94f305c2-06fa-4a2d-b6df-98b491074178,1,81f869ddb8b8e77514002be908adbacc,c004e5ea15737026cecaee0447e00b75,2026-09-01T00:03:55.692Z,229.44,32.18
94f305c2-06fa-4a2d-b6df-98b491074178,2,5bc5205ae68bc0e9997e05fa59b06194,59b22a78efb79a4797979612b885db36,2026-09-01T00:03:55.692Z,222.26,50.0
3fab3ccb-6e0d-4657-868f-0f58494836c2,1,7f5e70ec16684ce95216327ff5f8dae8,5acd070dd3fe441bbb2ec1f1ede515ee,2026-09-01T00:03:55.692Z,159.88,24.36
a33b9f40-a4da-49af-b7c8-341c94548b70,1,81fe540cb0119e1d4ef5f191701b3cb9,a478c7961d6a992065b24e63b366f90b,2026-09-01T00:03:55.692Z,109.6,26.42
cdc280f9-be69-4202-b572-708d7bc49239,1,19da2bf3225b2f11d5c3b2597576ea22,b5d034ac251546e25afe9067f05c1539,2026-09-01T00:03:55.692Z,116.43,14.71
cdc280f9-be69-4202-b572-708d7bc49239,2,1ceecf723e6b304ffe1822e9f375fbf1,fec8cd45395b3cb0c2b173d7739706a1,2026-09-01T00:03:55.692Z,193.02,29.22
f1176074-aa67-43aa-beec-cab9d544d1c6,1,25bf7c5e5f9d008845212122805014e5,2078fe5066350e7d220c0ad3a3bbc6c1,2026-09-01T00:03:55.692Z,283.3,27.54
b7fe280b-1ed0-4696-9bf9-fbf46ea52be9,1,7dda94d5b1861c308661fedb3944df60,9853a239ab7b7ebbdc3a21248d5b8e1f,2026-09-01T00:03:55.692Z,74.16,17.38
cc14bc92-5ceb-48d6-a076-7dea0e7f15de,1,98d3d093647c91f5bd575773f6eab9e1,bce6a5ecf98e99fd2a8868b15c51f04b,2026-09-01T00:03:55.692Z,63.35,19.19
df74e3f2-1ef6-4e86-becb-91fb069d016a,1,a2c98a9d7f6f4906717d7994e8a32e7b,821fb029fc6e495ca4f08a35d51e53a5,2026-09-01T00:03:55.692Z,351.34,2.86
df74e3f2-1ef6-4e86-becb-91fb069d016a,2,0b118a49dedaae5a3d10b55467aad998,dd533b429f380718b70ad9922c294bae,2026-09-01T00:03:55.692Z,325.11,15.35
df74e3f2-1ef6-4e86-becb-91fb069d016a,3,fcb7e7f24f5e50c7786b39f30d5ae704,febab0275244b9a49a623f0bd613ca2f,2026-09-01T00:03:55.692Z,363.08,18.88
3843f9d5-a18e-485f-b93b-8756afc02f69,1,2fb86e1c12f26a5878c7f4db9d0b7e80,4f1f1c8666cdb6442f775c4e8caed465,2026-09-01T00:03:55.692Z,232.4,29.96
3843f9d5-a18e-485f-b93b-8756afc02f69,2,ed63424b3f5b4d29c94bbb3d965240f5,edc518ba25576a0188a0e8f2c3af186f,2026-09-01T00:03:55.692Z,378.94,27.59
33d674e3-be56-434b-bc11-9340ce76818e,1,b2a64b4fda22208e4da85dd69e895ec4,e09887ca8c7bf8a4621ce481820414ef,2026-09-01T00:03:55.692Z,194.58,29.67
4cad4a15-0f60-42f8-b4ba-f70b7de4a33e,1,d2f3685018eaf6e36c6ecdb512753075,6562efe88ce0826a4ca4f189f03b4b84,2026-09-01T00:03:55.692Z,13.35,26.99
4cad4a15-0f60-42f8-b4ba-f70b7de4a33e,2,bc0d2d816d425e6ce3e80d8b9887d324,f7ccf836d21b2fb1de37564105216cc1,2026-09-01T00:03:55.692Z,199.84,19.84
7043be72-388a-4a23-ba3d-71e8399059bc,1,5c5378e8476e24c149e5b2e678ff4212,c9a06ece156bb057372c68718ec8909b,2026-09-01T00:03:55.692Z,376.5,15.57
213017c0-fdb6-4cdc-9752-6f688d80b5a8,1,5f90a946d1d1d997e9f4f85cdf90ecfd,8f2b51a30523cdecddc2f179f351c7d6,2026-09-01T00:03:55.692Z,256.15,34.29
213017c0-fdb6-4cdc-9752-6f688d80b5a8,2,c3f0567155098730c30259bf19b54fdc,1d0997ff06b524ce9289ffd75114ecd3,2026-09-01T00:03:55.692Z,133.58,24.66
8696d55c-6f57-4f90-b152-80d9b5ca74b9,1,d79269e0532dd1d04403600e14565046,8e4f041ff58e7845456d3482524014b3,2026-09-01T00:03:55.692Z,54.49,35.45
d298764c-6cee-45fa-9432-b378ece0d64d,1,ade1e672b7fac77461fdd5d77612e45b,3d4b1ae7539303b5704493798893e82c,2026-09-01T00:03:55.692Z,5.0,4.36
45aace69-4e80-4b21-84da-13899756b71c,1,cb17b798ba889575385281b7ec2fc22b,56f413900b5166ab4d730e9ac0b12cb0,2026-09-01T00:03:55.692Z,171.5,34.69
3ca7eb3d-16e3-4948-8881-59d930f12aeb,1,db666be3f0d386b173b91c54e6824e05,094ced053e257ae8cae57205592d6712,2026-09-01T00:03:55.692Z,50.96,4.65
4df91c13-7cfa-4b4f-a219-d28a1ead1a56,1,236e1b991bd45b40f2f732a22d39f6cc,3ac588cd562971392504a9e17130c40b,2026-09-01T00:03:55.692Z,200.02,27.48
f2b6aaf4-5da7-460b-8bbe-bf5f39a3e864,1,4ece875799f8eacb00dc13e93d0a2fd0,8160255418d5aaa7dbdc9f4c64ebda44,2026-09-01T00:03:55.692Z,330.85,5.5
f2b6aaf4-5da7-460b-8bbe-bf5f39a3e864,2,bff2390f68a7b76b01ef61b684888261,bcf5566870987da7bc811fbc8c5b9fd9,2026-09-01T00:03:55.692Z,82.63,36.21
2a2ecaad-b602-466c-b34f-5321191db9f0,1,3ef787b4af18c9a34154a46928b09b24,eeb6de78f79159600292e314a77cbd18,2026-09-01T00:03:55.692Z,15.14,1.67
6ee604a7-f2d7-4478-b93c-41f54d0e3383,1,cbff74049dbad803004f05ba4197e540,31ae0774c17fabd06ff707cc5bde005f,2026-09-01T00:03:55.692Z,188.53,25.46
2d893c57-b318-44dd-b24a-2ab5034c5d22,1,7ae5c4294636a8ccd3d8574daa6d7d21,6e864f5c4669eff3d98140a07cc50202,2026-09-01T00:03:55.692Z,23.33,19.29
3452cf11-a4ea-4cc9-9568-40e6439c0e84,1,503976dd917f8133babc4f0492a0e938,2dcf93836ae3ce0d7c93e2f10876467a,2026-09-01T00:03:55.692Z,125.0,9.19
ad0bc487-81ac-4490-97ca-47d77f98f591,1,7320ebe51211feb87fcabba5e645353a,1d139e3a3b14025640d8df1b230aace0,2026-09-01T00:03:55.692Z,153.61,22.04
ad0bc487-81ac-4490-97ca-47d77f98f591,2,448f0791c4d2fc5d250a401edfc208d4,ff1e15b778c700abdd4d239b81ac466d,2026-09-01T00:03:55.692Z,274.92,23.83
583d5535-747d-477c-99d8-5c2353f73fcb,1,26479f7e6b832d2e19a14dd8393bb30f,f25e239052084705e17a982bc600ab2a,2026-09-01T00:03:55.692Z,250.68,24.93
583d5535-747d-477c-99d8-5c2353f73fcb,2,91472a5abca63bed91ade04c71c203ce,41e0fa5761c886a630994a55c12087e7,2026-09-01T00:03:55.692Z,113.2,14.66
583d5535-747d-477c-99d8-5c2353f73fcb,3,f55cd6a68f96c3041176998ce1850ff3,e94b64dc6979b302a5a5be1662c83bb6,2026-09-01T00:03:55.692Z,65.97,2.42
ea33a788-3640-4051-8f47-e117ab10ad00,1,e134cbe135ee33ea460b71bfd96a38ed,ede2977fbaf3738583170735ca403f6c,2026-09-01T00:03:55.692Z,78.65,37.87
ea33a788-3640-4051-8f47-e117ab10ad00,2,b4ce8d32dea944f1720681420c4cd5ef,5741dc2bf5044c34d0698681c5081bed,2026-09-01T00:03:55.692Z,424.39,24.24
ea33a788-3640-4051-8f47-e117ab10ad00,3,146eb6d2e5e311d926d672b5b25d3f4a,ba5daa4041e1f15cdf34b76e3e18a450,2026-09-01T00:03:55.692Z,244.06,21.42
4dcc128f-caa7-45bc-b288-6fb6fcc922b8,1,99f84efaad4ec3bc71502bb7e6d8f8e8,ad781527c93d00d89a11eecd9dcad7c1,2026-09-01T00:03:55.692Z,131.69,16.2
c46a0dcb-76cf-453e-9b3e-892b33129135,1,620ea491128bf83c51950ac006de001d,4c60877808f4318ef1107fbeb8f89afa,2026-09-01T00:03:55.692Z,409.42,23.17
768806f2-6814-478a-9d25-f6de61141c99,1,fdd4f5e099d232bbd0d1fca8eab34172,a7a9b880c49781da66651ccf4ba9ac38,2026-09-01T00:03:55.692Z,380.71,16.87
a3068300-0384-46ad-b2c6-de4bb07e2d1f,1,205604b962ebdae1c924e0d14e6e8ac1,4ce6e5f6c52515177e18c1c9361d8677,2026-09-01T00:03:55.692Z,246.63,23.78
a3068300-0384-46ad-b2c6-de4bb07e2d1f,2,b6f7a80ce020adcd7918fca6246bf96a,553a440137d6e0cf776aee0bb83ac9f5,2026-09-01T00:03:55.692Z,370.17,19.99
a3068300-0384-46ad-b2c6-de4bb07e2d1f,3,1706d1bb420e7ef2404270b38e937fbc,44073f8b7e41514de3b7815dd0237f4f,2026-09-01T00:03:55.692Z,579.11,18.13
5d004aaa-44d2-4247-b686-595bf8006448,1,9eca7d28777e4887c113e775ed3cb87c,95cca791657aabeff15a07eb152d7841,2026-09-01T00:03:55.692Z,30.53,30.18
264ccdf6-928d-4053-b61d-dfbf09850f7d,1,9614dd0585b52cd086cbdcc2dd5fcda4,32b8764b4ef628b53608fc34011fcc13,2026-09-01T00:03:55.692Z,135.45,24.31
264ccdf6-928d-4053-b61d-dfbf09850f7d,2,321fd48981c751663bc43487274e7609,fd312b6bf05efac6c3772d5b52205d8a,2026-09-01T00:03:55.692Z,194.52,36.75
6da9ca3f-0e0e-4ae0-82f5-11feb0d1f604,1,7698c2e9ec5dc2b70af8c1c8ac245cae,0ad80de75c811326389cfb1daba7d45e,2026-09-01T00:03:55.692Z,15.5,41.5
3df02273-90de-4f47-8748-6a2fbbe79e1a,1,25e92e61080ad303ea52797f2879577d,2a61c271b1ac763450d846849783e922,2026-09-01T00:03:55.692Z,214.48,28.14
3df02273-90de-4f47-8748-6a2fbbe79e1a,2,6610913b9a847f8fc5f66f13dad12680,a3fa18b3f688ec0fca3eb8bfcbd2d5b3,2026-09-01T00:03:55.692Z,257.89,8.61
cc26b61e-613a-4ab1-9187-362bfecbc45b,1,42283300f3811baee739f5f6edc6feee,17f51e7198701186712e53a39c564617,2026-09-01T00:03:55.692Z,303.36,29.38
cc26b61e-613a-4ab1-9187-362bfecbc45b,2,5096e827f6152df3974343e735a52dc9,8ca1551acf9832a4cf467bbbac15851f,2026-09-01T00:03:55.692Z,296.22,11.86
e106957f-8f87-4f3c-9878-52696bde5fb1,1,a15b46c05a4d311665eac6750b3e4030,557f22c76691849db52d2abccf0015d0,2026-09-01T00:03:55.692Z,243.98,3.31
7b960eb5-910e-424f-8e1f-e4fc9bcca78a,1,c0704b7b41d23540e8576c5e84484dcb,9c57bc60cfad5ee62d35d3f1ce4593a1,2026-09-01T00:03:55.692Z,398.89,18.53
7b960eb5-910e-424f-8e1f-e4fc9bcca78a,2,f2169c25db6a579fde210bf8ce7ce9d7,422be4cc81a457fdb46f47edeb968ae5,2026-09-01T00:03:55.692Z,187.12,25.59
56930439-1c96-4ff8-8436-577962c45777,1,4f90c408cc89d73465ffd286ac21ae4b,bec568278124768c474ee90971ca94d1,2026-09-01T00:03:55.692Z,9.39,32.42
a60d741e-9b8c-420a-9082-7e8490b973cf,1,3e43be936ce46c0ea61fb7aaf746fa17,3338e7a0710a195872be80e0d2423867,2026-09-01T00:03:55.692Z,247.86,11.34
a60d741e-9b8c-420a-9082-7e8490b973cf,2,a17923e795430dfd9d8e9d5bf444cee2,17e34d8224d27a541263c4c64b11a56b,2026-09-01T00:03:55.692Z,73.07,29.23
c4d31d3d-a251-4a24-a50d-ff1b91e31896,1,f6ded594ada4d7ad32d68d6c57dcb417,039b29ff3b3473435d0cd59040575de9,2026-09-01T00:03:55.692Z,24.82,27.83
c4d31d3d-a251-4a24-a50d-ff1b91e31896,2,e7dc0d1ff0ef8f441666bdc5210f4e87,bc30de0d71bd6260b936a026b5cf7200,2026-09-01T00:03:55.692Z,22.92,1.73
a0e3e26a-d415-4825-874d-43205be55541,1,b143192e3491149ed56551284da70b15,542917da124346b47ea1ac79a93ce454,2026-09-01T00:03:55.692Z,144.21,1.48
dc0c7f7c-75a9-47fb-9989-285986810b70,1,e988092a8afe5d9393a5c3a7ca17691c,5075aaa8404020ae6aa8bf4792099b41,2026-09-01T00:03:55.692Z,132.88,15.73
28c50911-3b42-41b0-b58d-13efab71ca14,1,334f9a7bc70ecefea3a1fc7dd1c7ec76,5eeb9c756d9780b96283e5a2ac6da334,2026-09-01T00:03:55.692Z,138.48,25.34
28c50911-3b42-41b0-b58d-13efab71ca14,2,3f602d35212cda35342fc92d0ebc32e1,fc6295add6f51a0936407ead70c1001d,2026-09-01T00:03:55.692Z,248.86,20.38
5427dcb4-7c0a-4ccb-a842-b7203f9ea9ab,1,15be8ab92cd1c32b16ff30292ef39991,961dff0a659b4561334372337dd897d9,2026-09-01T00:03:55.692Z,205.15,11.62
1ac35431-464d-44a2-8d88-83dff26c5c27,1,fec85e6c0eab9b4bcddf9ccd917c80bc,a20d8058c866dbaeca014d2cd20ac62e,2026-09-01T00:03:55.692Z,427.56,43.48
70735110-d553-4c76-b640-8fe1685aff05,1,41817d1d44000e3105f24470a5224bcb,7caa63f175b1cecbfaadd8b5ab9998c7,2026-09-01T00:03:55.692Z,116.97,21.27
d06539ad-f5fc-4342-9c9e-e704dcda2365,1,af4d2eba32e1b183e1934671e7683d20,7fdb0720c8d7c9075538b365dc8c3a22,2026-09-01T00:03:55.692Z,327.53,14.6
9534b0a7-fce8-4e66-afb9-69be06dbd9a0,1,4c66239e4d8cc4dc99335ecae8218294,3fefda3299e6dfaea3466ef346a3571a,2026-09-01T00:03:55.692Z,460.02,33.13
db5c4e87-edcc-4844-9b45-ac57d2b075ba,1,9f2d98026e781b854b26e7551b263a6c,db7ed69a53aa9fb1c01930ba54a88bbe,2026-09-01T00:03:55.692Z,101.99,25.32
bc1da7dc-49d3-470c-8d7d-5cdd07478235,1,6752b3102ab2c1712dcefe29fd7379c1,b6d44737c043328708f6749c2dbe50bd,2026-09-01T00:03:55.692Z,5.16,30.95
9f54b7da-3dd5-485a-b926-579d98ba1562,1,fb4fe6c3f949da5331edd51fa1e1d3e1,3d68c634a99a1ba46dbca3967a69c623,2026-09-01T00:03:55.692Z,259.94,18.86
1bf2aa13-9f71-4f02-80f1-0b674d4c3969,1,2a0c7978182ff664a3bc452b7e5f0b6f,74871d19219c7d518d0090283e03c137,2026-09-01T00:03:55.692Z,183.47,37.99
1bf2aa13-9f71-4f02-80f1-0b674d4c3969,2,3b123ae5d71b7b0d1b2a3f47c00eec8b,b1aaae6b66ad3c40f54b389d7ea4bee0,2026-09-01T00:03:55.692Z,42.39,19.77
0f57d841-0f6e-44f5-a0f8-5a0534fc3779,1,75747bce1abad71ec9edfb9ca6dd509c,9315e491484b1b0081ca166fc164108d,2026-09-01T00:03:55.692Z,50.72,17.5
a8088320-85d3-4bd7-8799-0fce28a58d93,1,c654d5057f4120825c0e11665770b56d,5e106d93b717c2682b9383da480364a1,2026-09-01T00:03:55.692Z,289.16,10.94
08adabae-451a-4295-b932-4145c021285e,1,c49c7c01a63850cb995c304b97c11bcd,113e3a788b935f48aad63e1c41dac1bd,2026-09-01T00:03:55.692Z,160.96,21.41
57a0f3b3-471c-4905-8938-e8f91432576b,1,0daaaee8a33938591e1d5b980e65046e,71593c7413973a1e160057b80d4958f6,2026-09-01T00:03:55.692Z,71.8,22.14
6aff4542-e189-46df-aeec-9dd0d03c8aed,1,1c3872bb3c0bc580a0f1cd3f1cc869c5,7a425d299613df3e613bcf9d2eaf5c49,2026-09-01T00:03:55.692Z,85.6,3.48
febbf44e-de9e-4022-8ddc-2310f1c1168b,1,c73628b1c3144b2e0c9c88072f21a213,e96498ed8daaa3e9c23f7a62da76591c,2026-09-01T00:03:55.692Z,200.94,30.59
264b5041-330c-4cae-bf43-446dd5317fa0,1,53fda2e4872a41ed984770d4c60a5211,61f159ef6da2d441951d2c0efa719362,2026-09-01T00:03:55.692Z,100.5,15.22
264b5041-330c-4cae-bf43-446dd5317fa0,2,da7813106f94601e6022f50017299e2f,446cc09cdbb130904da114e807dbec40,2026-09-01T00:03:55.692Z,194.97,12.76
264b5041-330c-4cae-bf43-446dd5317fa0,3,f1046cfbe5f31056cabdda08ffbbad6e,b67d6c666e8dce1d078c882825e12704,2026-09-01T00:03:55.692Z,41.03,21.17
90fa9c95-8a62-437d-9cc7-993c33942762,1,8ffc89162cccaef5a98a4c0bcd241a0e,c70c1b0d8ca86052f45a432a38b73958,2026-09-01T00:03:55.692Z,42.61,10.79
90fa9c95-8a62-437d-9cc7-993c33942762,2,e6fd80a00ebb1a3e0d58a38555fbbf2c,3da38366e7bd9baf6369071f782ecdf0,2026-09-01T00:03:55.692Z,88.46,10.21
90fa9c95-8a62-437d-9cc7-993c33942762,3,b370dd237db6a8a0bd74a6da9e367a80,2dee2ce60de9709b1a24083217181a1f,2026-09-01T00:03:55.692Z,112.67,14.56
b42fb28b-a7a1-4b58-aa83-9d9cc83900a9,1,0649f548e3fa70d40eb8fd98ecfe6322,1fe61aa5494bd3ae92a2c13e067c810f,2026-09-01T00:03:55.692Z,99.92,5.28
ac800fae-6211-4255-b1ae-a9a39e4136aa,1,e641658c6c4f39509609041a4c1443ad,6f83d9e4da896daae20b9b6b2d3ff8d2,2026-09-01T00:03:55.692Z,142.53,4.59
b5e0c8ee-6755-404a-9134-a526bf2964a0,1,312fc7ec4c5f490464a4c9b3132c8ae3,00fc707aaaad2d31347cf883cd2dfe10,2026-09-01T00:03:55.692Z,196.06,22.93
12d0bfba-0b02-48d1-919b-f937ccbff41c,1,6647429facfcec3f6bb7162c85985c6b,bdf0d02d36a1d839d0c39c4a887cdd49,2026-09-01T00:03:55.692Z,334.11,14.69
a8eb2edf-3fcf-4369-ae21-805b7420da5a,1,415a910fc2d4976a0c0f7c86a1c1d129,98e164d549402270247f3c96a1a158ef,2026-09-01T00:03:55.692Z,15.53,27.5
02758d31-2871-46a4-ade8-31be2290a550,1,6ef76b1a0c15eb96ed49c78d38f37b68,5dceca129747e92ff8ef7a997dc4f8ca,2026-09-01T00:03:55.692Z,66.46,14.83
2866eb7f-4290-43df-8768-3d623fe018b1,1,85567ceb8a1521a09cdab785ab726b03,1992f8fb6b19fcccd97ca819811e7267,2026-09-01T00:03:55.692Z,363.29,30.29
d148f18a-8434-428c-b19e-60eee55d10a0,1,b44076f8988fe82b676a754e798ab0f9,b77a27b1864483e721dc831d5ba4afa0,2026-09-01T00:03:55.692Z,198.12,18.0
870f6239-62de-4863-80a2-7c2115bdbf03,1,c6fdec160d0f8f488d9041316c85051d,244b04680fdbded0acf5aebd9c92b44a,2026-09-01T00:03:55.692Z,59.68,35.96
870f6239-62de-4863-80a2-7c2115bdbf03,2,17eaf73dce768e344cb5d1210bea1da2,4a1917ef994878940e1fb03eeb787ad7,2026-09-01T00:03:55.692Z,59.51,27.04
870f6239-62de-4863-80a2-7c2115bdbf03,3,35f2f253dd0f52362515bb0394741a84,c66dccfb3f109511246da627dd5a2498,2026-09-01T00:03:55.692Z,276.13,33.02
9891cef5-be93-481f-815a-1b764c20b50f,1,d73f1e4ad0322d8442fc9591505381aa,5bf397d04035b5f45cc41e82ec106803,2026-09-01T00:03:55.692Z,422.78,15.81
06312ec2-f8f6-47db-865c-722b08e5fd11,1,71fc2a7d96a222b04e4131cfc006f265,6d22a1fcebb6dd08c9cd90b92a93e8d0,2026-09-01T00:03:55.692Z,58.6,1.98
fbf8eab9-9d20-4bbb-9d49-14e086411a19,1,93c902b021a9e594f658ab1b0351602a,f76a3b1349b6df1ee875d1f3fa4340f0,2026-09-01T00:03:55.692Z,320.19,3.05
1d636676-57f1-4348-a804-be671d9b4c52,1,c1cf541d5b33a4b04ddc1c3be7aa1c86,37dd29b36c458d82f74a953c40c43645,2026-09-01T00:03:55.692Z,297.18,11.08
1d636676-57f1-4348-a804-be671d9b4c52,2,539025c69ca8d9160f0ae5190741ed74,13d058e4eeac2ce8217660b2f8a05812,2026-09-01T00:03:55.692Z,385.89,33.1
f1b10d81-9851-45a8-99e4-e9ccb1d5b76c,1,bc107cfd28a282c85b28e7054aeb729d,dd5450b022b2d00a2145a66331e1aef6,2026-09-01T00:03:55.692Z,291.38,25.25
f1bbdbea-fdca-4e3e-980c-555f0a6bfffd,1,e0cf79767c5b016251fe139915c59a26,cd2169d9f31ff6fbb9ca3373b0c9e354,2026-09-01T00:03:55.692Z,7.52,20.02
eb61331d-9fb7-4e1a-afc7-fb1dc6d71f6d,1,7d0b7e7fe3e96e047cacafa33a808bd7,15cd6eefe58588619aaed41dfa6621b1,2026-09-01T00:03:55.692Z,342.67,21.21
eb61331d-9fb7-4e1a-afc7-fb1dc6d71f6d,2,cc1cb33bcc814aeaa4631761a34bd23e,9b013e03b2ab786505a1d3b5c0756754,2026-09-01T00:03:55.692Z,405.21,2.26
e1f14ad5-fe4d-4dfd-a960-25de39eb611c,1,1f48020881e631a1f4077698cc78204a,a353b1083c9863d756d9404695016d64,2026-09-01T00:03:55.692Z,59.31,5.77
82d3127a-d41c-4b7f-9d5e-e8b3d24b3db8,1,b205c1d9481d550412cbac291356e234,ccbd753e6863fe7314dc6c0ca5a074e7,2026-09-01T00:03:55.692Z,111.45,3.04
68dd6f3c-39c4-4663-b3fb-44e93e568b1d,1,716854aa9d670cabfec04c7eeddd85b8,59cd88080b93f3c18508673122d26169,2026-09-01T00:03:55.692Z,18.26,18.36
56be13df-c8bb-45c7-8cdb-833124427343,1,16765bcb7b5644f6fd28a40c0cfa2a97,466222e777149751370e7e98fb623b0c,2026-09-01T00:03:55.692Z,52.06,19.7
a8eff29b-6461-4048-97b3-f60237206cbe,1,da2cfe68ae3f2f454b5aba2ee09ab5c4,4f40d2ed38d1cc945364a7cd202a82c7,2026-09-01T00:03:55.692Z,39.15,25.16
2e63cf7b-c93a-43ff-946f-5d2f0f94dcba,1,49f906609418f32ad932aa7a24396268,0bae85eb84b9fb3bd773911e89288d54,2026-09-01T00:03:55.692Z,113.25,34.77
2e63cf7b-c93a-43ff-946f-5d2f0f94dcba,2,4e80e5fbd1f7a5e67501d0e1573abf98,b3f19518fcec265b2e97af287725f981,2026-09-01T00:03:55.692Z,218.53,1.54
1110ae71-8b15-47ce-b303-157900e2a80a,1,de9d7e4fe38987a3d5e2cd2bf1cf641e,77a515caa36327151d1cc6c32a9f00e1,2026-09-01T00:03:55.692Z,106.14,29.17
3d11138f-2540-475c-a072-2a1fba730ecf,1,8484864537e94e2e45582aeb667d0dcc,43402bdf22aa2310e8f99e2f94f78628,2026-09-01T00:03:55.692Z,277.62,7.88
45427c1b-ad22-4b66-a06d-0dc9ab351906,1,77cf3aae7aaa73367945ee2b3e3b6776,89a51f50b8095ea78d5768f34c13a76f,2026-09-01T00:03:55.692Z,132.27,24.21
3f2fcce0-0b83-4823-bfc7-644b4229a243,1,83d68ad4e5707409089afff26a40b2df,670c26e0f1bf8d0576271d5cfaec6d2b,2026-09-01T00:03:55.692Z,377.11,4.25
3f2fcce0-0b83-4823-bfc7-644b4229a243,2,c0affe12cfb270f60fdfd2eef4905a2f,8581055ce74af1daba164fdbd55a40de,2026-09-01T00:03:55.692Z,193.13,10.23
e3cce00e-6eda-4e45-912e-d2d92744b100,1,a7d3d3e064f3d5311563df3318983165,9d213f303afae4983637247556438ede,2026-09-01T00:03:55.692Z,205.13,14.42
e3cce00e-6eda-4e45-912e-d2d92744b100,2,6e97536d81d74f5020c95ca434c850f7,2b5ed0c9139dae8883a200dfcb272ece,2026-09-01T00:03:55.692Z,181.81,29.62
e3cce00e-6eda-4e45-912e-d2d92744b100,3,2ec8497962cc5f7730756635a5cbbf16,4aba6a02a788d3ec81c03137144d9a80,2026-09-01T00:03:55.692Z,446.47,11.84
ec8b2b6a-84e7-41de-942b-6c88618ef78b,1,7947d7b3c612e55b3aff718305774067,b14db04aa7881970e83ffa9426897925,2026-09-01T00:03:55.692Z,179.89,34.57
b086c385-c9c8-4872-8d9b-a599eb9647eb,1,f50524ec99356b2afcfd21995cd69d9f,1961c3e1272bfeceb05d0b78b5bbfdaf,2026-09-01T00:03:55.692Z,78.28,15.82
b086c385-c9c8-4872-8d9b-a599eb9647eb,2,8e26479962cb257aba82c608c10469e5,eb5b6204dde3a6e03b5f1bb8479f055b,2026-09-01T00:03:55.692Z,268.12,23.5
9e42df1e-3208-4806-baa3-4ff27f5a7ccc,1,dfb1a850d59b126de9fa01dcde19b43d,bac692d6c0ed08467878018e6cc9c26c,2026-09-01T00:03:55.692Z,244.15,17.01
49e916d2-9172-44d0-ae87-201f293c0927,1,8ec6aedf40e1175c5446134c40931706,5d76d80a2f5f39c891b996a1bf4c9853,2026-09-01T00:03:55.692Z,24.35,9.66
638b6320-ca00-4e83-b032-4f7fed1e329f,1,50c903691960bdd77acb82418a4445ec,f9bbdd976532d50b7816d285a22bd01e,2026-09-01T00:03:55.692Z,135.19,25.37
638b6320-ca00-4e83-b032-4f7fed1e329f,2,152d8bb1e16d0a4f567c7cece5e92b6a,3d621842b2ed28e2b474132480edac3c,2026-09-01T00:03:55.692Z,208.24,9.53
1a64e34c-a9e0-4d96-8639-21189482917a,1,6c023c34df3208adde426d9009a72c06,9140ef75cc8211c4035935e80e567204,2026-09-01T00:03:55.692Z,84.82,14.07
1a64e34c-a9e0-4d96-8639-21189482917a,2,f71493db6e7483d84f937e1d15eddb38,dd8a29ce82d5c705ba932d81494600a5,2026-09-01T00:03:55.692Z,209.93,4.63
c05275f4-7686-4adc-a982-58a4a4d9846e,1,60184212dae4e6b0da32bf54271a8c4a,eb4a59a06b3948e851a7d7a830bcbc42,2026-09-01T00:03:55.692Z,122.13,11.77
a6f438ea-3312-4ed6-8011-e8744e87d08a,1,752aa5bbc175624474d9dc15558755e1,c5f7e746b7e6d07def6c0dae9903279b,2026-09-01T00:03:55.692Z,18.54,16.82
46ab600d-60af-4b7d-bc41-0233683b4151,1,332f784cac57e18f1194e8156ad5bd9d,35857757f553273b1056c1cabdace7fb,2026-09-01T00:03:55.692Z,69.69,7.1
2f7693b2-b0e2-486b-b620-51b3ca1586f0,1,fb92dc4602bd9224e0e267496748afc5,a3dd39f583bc80bd8c5901c95878921e,2026-09-01T00:03:55.692Z,21.52,6.51
7cd857af-2818-44ea-91d9-92c29a456c01,1,e2de41d7036bd95cd37a7a9f4949024f,013900e863eace745d3ec7614cab5b1a,2026-09-01T00:03:55.692Z,187.32,20.96
7cd857af-2818-44ea-91d9-92c29a456c01,2,6a22cbce352c158897f3346567488ace,ec2e006556300a79a5a91e4876ab3a56,2026-09-01T00:03:55.692Z,269.58,1.96
df33f9c2-500a-4685-b980-8135de415ee6,1,7b4d5bca6951e2d3f89fa2bdfa6791aa,5343d0649eca2a983820bfe93fc4d17e,2026-09-01T00:03:55.692Z,112.29,24.78
8c5820cd-c8b5-4297-b0b4-e36c7b2abf89,1,2a9e3d335bbb23ffee8c9da6cecb7bb8,76623fde66e6b63b59440fd34160512d,2026-09-01T00:03:55.692Z,224.91,26.19
2ec04404-e71e-4698-9c8c-e250e122c954,1,12181424582d4d4233622caeddcae843,2156f2671501a81034d7d07f217609d0,2026-09-01T00:03:55.692Z,146.44,31.25
e41c6763-3046-4a89-a875-af93e9a66865,1,6568a6d396e5cc36e81d6e0dd74a26ae,1d8dbc4f32378d715c717c1c1fc57bae,2026-09-01T00:03:55.692Z,13.78,7.86
4b2bbb1d-3567-410f-b973-eee6fb023fa6,1,756eab67d3c0edae186c4617412c056b,e1c76f339ebd5460999f25a2aa8c92c5,2026-09-01T00:03:55.692Z,182.74,8.62
8267b7ac-28cf-4520-a990-c6250df97c01,1,dd7c7650c31d56afe11234bfd0a1e1ea,d4828feed4cda2cd9d6b37899a95a71e,2026-09-01T00:03:55.692Z,403.84,27.23
8267b7ac-28cf-4520-a990-c6250df97c01,2,e3de19106e36f3981c320553135a6610,432c37c9dfba871172ec162e20118b8c,2026-09-01T00:03:55.692Z,518.25,14.47
8f4f1c3c-4576-4fc1-8602-d414bfcbd6d6,1,efdd9c83779dc22fdcbfdce64ffef671,0dfbed20065e425d2eaefb101f9816c0,2026-09-01T00:03:55.692Z,119.97,17.31
de1de4e4-7135-492c-bc71-66487fdfcac6,1,bcc8dd5518ca336cfcdbb681592df5e3,d5c530f4884a75ae0dba9c148718d278,2026-09-01T00:03:55.692Z,76.6,23.14
de1de4e4-7135-492c-bc71-66487fdfcac6,2,74291f20821eae2aacb949b41622ef52,b76a1f8356322f12529c37b67d5c96c2,2026-09-01T00:03:55.692Z,173.01,34.81
8364407a-8b6e-43dd-9d5c-8ec429a47dd8,1,36bd3e4daa4604d112f17dccd24ee59e,c54679b132454625907c773d273d4126,2026-09-01T00:03:55.692Z,428.59,1.85
81cc4c06-21b4-4713-83c5-623053da8462,1,c18399e510fd09e3186d34f4206109d7,c864036feaab8c1659f65ea4faebe1da,2026-09-01T00:03:55.692Z,121.72,13.86
81cc4c06-21b4-4713-83c5-623053da8462,2,7281fb0ce17b91ad3102548544f07981,64c9a1db4e73e19aaafd3286dc448c96,2026-09-01T00:03:55.692Z,124.32,19.45
a2aa1874-9190-4572-8e0c-7292c91f708c,1,ea4d2100b24a14263ce28be19889f035,391fc6631aebcf3004804e51b40bcf1e,2026-09-01T00:03:55.692Z,5.0,27.07
a2aa1874-9190-4572-8e0c-7292c91f708c,2,71a5f1c2a5fd9889ef26b5ac22aec9c6,101921376b577a4540dc30e9009133ca,2026-09-01T00:03:55.692Z,509.78,26.51
a2aa1874-9190-4572-8e0c-7292c91f708c,3,5538ed283fd2d0e2a1151507e1cbd59c,8b8cfc8305aa441e4239358c9f6f2485,2026-09-01T00:03:55.692Z,273.46,31.54
0c2fb7c6-f060-4df3-8ae1-6aa391d3cba8,1,b3716b1e3576d3f2f246139d80c67d6a,7d948535954aaf8c5d39db007f74372e,2026-09-01T00:03:55.692Z,291.02,24.79
0c2fb7c6-f060-4df3-8ae1-6aa391d3cba8,2,b4853c75f13157892b0b87a2c9bcd13e,485452467ff670447e84a8370c3fc898,2026-09-01T00:03:55.692Z,289.4,28.74
b8c79321-0567-4912-9899-66b17e66cf31,1,47610c97b60ace4c786250fe5b4223e3,8c351ed7c326c62123318f4f3246e906,2026-09-01T00:03:55.692Z,104.96,25.68
b8c79321-0567-4912-9899-66b17e66cf31,2,037aab5faf8d9120659b7c8ea3cf4c12,9c690ceacd5c66731bf443ea810195cb,2026-09-01T00:03:55.692Z,261.27,7.25
b8c79321-0567-4912-9899-66b17e66cf31,3,6309ecb18b264afd138380fe238589f7,b19f3ca2ea475913750f25a5c37c8d8f,2026-09-01T00:03:55.692Z,50.45,25.41
9b17f6f3-c71b-4324-908d-cd1463c47531,1,274c0bd39936b237bdb8cee38abf94f5,e64d65bc8dbec2accda90c58de5d1246,2026-09-01T00:03:55.692Z,108.15,30.97
385efb62-d2cf-42cb-943f-f277e5a57a4f,1,416d75e3094f3393b778fd40d52b6089,8c5e007d7bd5693fa1386ffefbc99f6c,2026-09-01T00:03:55.692Z,354.21,16.03
ea808656-6adb-4c4c-a7d9-620597442296,1,83e5adb51c0d54eff80057f064f808d2,271c58a1d139c45eaf3316107c6d3a3b,2026-09-01T00:03:55.692Z,289.83,30.55
d60e817b-9a3d-4ae9-93eb-ee1a2735e52f,1,256086616d085d9fdedf74f8595f589a,5795aebfe331fbcd02a2c4b679fb7952,2026-09-01T00:03:55.692Z,232.6,12.95
2bd79e93-7e9b-484d-9037-fc176f9602bf,1,1bad1f17e229af04d11a788ed2b3553f,0ade5cc4a305ed7093a23f68ca47519c,2026-09-01T00:03:55.692Z,27.5,5.06
2c708fec-7b5b-4750-af16-4dbadb3107ef,1,d8ec16e6a36ef1ab1a9e68d57399a00e,d93919c944be9cff128f6c9cb899eacb,2026-09-01T00:03:55.692Z,72.87,25.41
6360ea8a-d299-48e3-9cc7-d62da83332f5,1,d8347a6f6301cb4343a6e05e095e5871,dcb7367a92f5ffb89f1e2152ed260285,2026-09-01T00:03:55.692Z,192.48,11.41
6360ea8a-d299-48e3-9cc7-d62da83332f5,2,16ed6a6e3fce23b741650437fe58d65b,ae45ad30c2d2e5913094769690a239d2,2026-09-01T00:03:55.692Z,217.45,1.89
6360ea8a-d299-48e3-9cc7-d62da83332f5,3,5b951e54437768080925aabe01e24348,530ec6109d11eaaf87999465c6afee01,2026-09-01T00:03:55.692Z,277.19,37.99
2fac013a-a041-409a-90fc-8e82d406f353,1,3e6f2d0265ff6265eb639a8d3027f5a3,4ebdc7e6cd6102a022dadc49156d4ea8,2026-09-01T00:03:55.692Z,22.32,41.49
b72e3d01-f1b6-4fc2-8d98-6369cedb41e4,1,6a03d0111afb13361088ed0e23d9ac12,7178e1eaa97257d8b6d4b80efd77a025,2026-09-01T00:03:55.692Z,505.43,15.99
b72e3d01-f1b6-4fc2-8d98-6369cedb41e4,2,c9996076c21558c4878c8d2fed12c45a,b83cedfb587e7911540e3f576d6917ce,2026-09-01T00:03:55.692Z,202.91,6.38
e96a193e-2ee5-450a-ac2b-3cc481bc241a,1,9806189f9cb679bcd5326b460c2b9073,575df70bde3f9f2b30bf8d2e9910d725,2026-09-01T00:03:55.692Z,563.56,32.81
a16cc398-814d-4d9c-ad2a-0b583b9cc5b1,1,403f76f6cb6bac59fe7dcb462ec42ac3,3296662b1331dea51e744505065ae889,2026-09-01T00:03:55.692Z,112.49,18.39
d0e64ebe-6261-48ae-ac21-9e7d7a6227d1,1,1891f20b2a27a8b700d7a7ff5a7a0039,1b1ae47a313a825a7ccceb8e2e30fa9d,2026-09-01T00:03:55.692Z,160.34,18.11
52303d88-0e2f-4cc5-bbc5-1d528c0b8af8,1,4803f125e17a7b5fc363202349fbf14f,11fb6f6d341adbe19e81733701704635,2026-09-01T00:03:55.692Z,257.8,25.45
2a2f68dd-1344-4f15-8587-85c05cb4c47d,1,11c3ff6555092bf425ea842a023a7809,6da1992f915d77be95d7fa48b36904af,2026-09-01T00:03:55.692Z,15.89,10.05
917a8481-867f-4086-ba55-cbaaf0ab0b98,1,4a9947ec1fcec2b3321193ed5590e8cb,7f5e4d5efad7e44b91115dd1decb65f3,2026-09-01T00:03:55.692Z,16.07,7.36
fc0a821f-6493-41df-bb80-05447f873bfd,1,52f5d8b502df3f20b2aa6370d2cedd52,984c273121e743dd14767befe6cb17f5,2026-09-01T00:03:55.692Z,125.37,7.35
fc0a821f-6493-41df-bb80-05447f873bfd,2,cfb2e04130d80dc8944679f3db75df76,4a3ca9315b744ce9f8e9374361493884,2026-09-01T00:03:55.692Z,439.88,27.42
818f793c-630d-4b16-b456-08009b7e580e,1,9314e4d46aeb2c297e05d4ed36365efe,d4e12e7884759a14fa0f5f896c791cae,2026-09-01T00:03:55.692Z,166.14,30.25
818f793c-630d-4b16-b456-08009b7e580e,2,94c6d48c2462a85429fcc3b6bde00c4a,26d6bbee02420494d471c9f6436929c0,2026-09-01T00:03:55.692Z,78.35,27.67
818f793c-630d-4b16-b456-08009b7e580e,3,c8b5147de7ed25abf301f8138d4d07c7,3f84fefc07dc159b268d4a77d3e8c425,2026-09-01T00:03:55.692Z,174.67,16.33
9fdd58a4-8231-4f86-8be8-593bf49e810d,1,dbf4588317c84ec9cde32b033de522e4,45c20d94d9171b0bcfab3c955e47d67b,2026-09-01T00:03:55.692Z,100.52,22.99
bb3e7fa4-0b71-42b7-a344-b2ae8ff1fb6e,1,787268a8ccbecd1ae02d8001b61ca46d,e595809a6c31ec4314fd06ef198c244d,2026-09-01T00:03:55.692Z,242.24,25.6
bb3e7fa4-0b71-42b7-a344-b2ae8ff1fb6e,2,7d1fc7d682f6a5c8e47437e3540f4415,403aa86912527d730337ffcb0fb096ab,2026-09-01T00:03:55.692Z,202.8,8.45
bb3e7fa4-0b71-42b7-a344-b2ae8ff1fb6e,3,0cfc9fea40ee0f7006d150fbdf3fa808,04aba03279157f6d4e0fe8ccaf21963c,2026-09-01T00:03:55.692Z,27.0,14.99
e6dbf8c4-e120-44d2-bd38-945190015db4,1,061885af8dbda5739d592a153655e574,cb5df0dcb9e280b1780e9d589889f2c7,2026-09-01T00:03:55.692Z,413.58,20.1
e6dbf8c4-e120-44d2-bd38-945190015db4,2,3593dd78e1c621dbf0ed8657e8d425f0,7d456afc660226829370f3173d14520c,2026-09-01T00:03:55.692Z,7.56,51.3
af44a80a-b8e9-40c8-b6ef-b3db0971eaac,1,2077f60cc760ebe4b478e0b0711c5218,d06d019f72a04e5497a0b64190af170c,2026-09-01T00:03:55.692Z,76.44,33.81
c4fb2ba8-fa3c-4cc3-b345-9b32e607bb73,1,d22f287512fb5bda6efc5c8e6216c6db,3ef37b7ca6dd2b80bd8af81a62504996,2026-09-01T00:03:55.692Z,67.12,20.88
391eefdc-3b5d-41ec-89bb-782b009cfff6,1,1a2c16ff559425a46f2eba773fceb91d,cad10cc982ab6a391570c211b995c17c,2026-09-01T00:03:55.692Z,180.66,38.97
e361696d-8f59-4d6a-8633-3651f394cd21,1,98001b51c21b1efa6530623ecb0c20fe,f8f35af4634605e6693c17cc3ffff5a8,2026-09-01T00:03:55.692Z,225.39,18.72
d9a8be22-83b6-4c58-9e8a-9714b42408c1,1,e57ef623983cba8948397a3d7d52adc4,c611f4ce9ce875bcc063fa97fd4d7d12,2026-09-01T00:03:55.692Z,20.25,16.31
d9a8be22-83b6-4c58-9e8a-9714b42408c1,2,df2a36e39b65ff56203117e93bcbe20a,154bdf805377afea75a3bd158e9eab10,2026-09-01T00:03:55.692Z,145.5,11.86
eb9d9e36-f44b-4200-ba9b-456e85fbc71f,1,86d2c13e1ce5c85177a6e7729892b501,7ad32824caee82087b3e2e5f33b1bf32,2026-09-01T00:03:55.692Z,219.34,0.03
9bdb4d80-da5a-43a8-b8ac-8837eef3f0cd,1,e4db070498b75e666a0736eb2f0abcd4,bd4ff04377f974574f7f0bf9d6ce7dde,2026-09-01T00:03:55.692Z,74.55,29.93
4d163ecd-9067-48b5-8240-cfff11336730,1,fe25db018a92c3f4ff5cd5d2e0bb7290,0a198e95d32b1be2da9424c962a6ebfa,2026-09-01T00:03:55.692Z,137.88,10.08
4d163ecd-9067-48b5-8240-cfff11336730,2,31d6f0a621ee145ae8c70304cf564483,232a6014e7b10cba61c6c2b2ea6bb4b0,2026-09-01T00:03:55.692Z,62.36,15.37
4d163ecd-9067-48b5-8240-cfff11336730,3,008b51e6be49ee039854b5e35c331b02,dd7ddc04e1b6c2c614352b383efe2d36,2026-09-01T00:03:55.692Z,543.04,33.24
93a3c253-1268-481e-84e3-b8865ec3d33e,1,fdb86e192fdd20037175daab38af9656,fc5a0d7a310a7a41abf86a458585ff2b,2026-09-01T00:03:55.692Z,5.74,28.0
c450e911-a08a-4a75-ba01-c687dc226f47,1,aa53f25a0966489889cbfa05ad848d4a,d4f91e8be86b38da2ee35bc489645a9d,2026-09-01T00:03:55.692Z,401.4,34.19
bb44e163-b1ec-4499-a4da-345874792da5,1,70275b3042e4c4b6f18637720387bc0c,1b938a7ec6ac5061a66a3766e0e75f90,2026-09-01T00:03:55.692Z,254.06,39.58
1ccb2cf5-8e64-4292-9507-bc822f840a20,1,a02d0123079f4ae96001ba2010d1a2df,9dda5bbacd45e18d6485fee649205d09,2026-09-01T00:03:55.692Z,33.27,22.56
1ccb2cf5-8e64-4292-9507-bc822f840a20,2,8eddc081294df4f0672aedec8a5b249c,2f4b0d3b9634b647d4edee577d7ebb7e,2026-09-01T00:03:55.692Z,95.14,22.27
5ffc9b95-8c3b-4399-bbcd-ef4501ce8242,1,ad84bd53f52aaacae7a40027842ab970,f457c46070d02cadd8a68551231220dd,2026-09-01T00:03:55.692Z,138.2,3.91
5ffc9b95-8c3b-4399-bbcd-ef4501ce8242,2,3572a945e47ca64e7796603040878145,20a8b0dc55da94fe74d112082427c84f,2026-09-01T00:03:55.692Z,278.54,21.48
77892076-a9d2-4e89-a532-110a75de7403,1,82ed1009173f99aeacc5499e24e9a7a0,4e6015589b781adaa5ce7f1892d06bb1,2026-09-01T00:03:55.692Z,189.98,22.27
34168f0c-086d-41dd-8fa1-380d6ad7ece1,1,da5220901a7753c4ebfd78f339e051c9,bd0a1b0aadca9a83d9304f7e8ff5fbd5,2026-09-01T00:03:55.692Z,322.79,3.78
48b7f86b-07ab-4607-be43-526e79ba2da6,1,b551128533846968d8752358d1f7f365,3986c0b54f6b748b75e7bd4e092aa3e5,2026-09-01T00:03:55.692Z,306.95,39.52
a16bcfe7-5913-4a47-967a-af8d460e3deb,1,ed2067a9c1f79553088a3c67b99a9f97,7a9c12e235c36247c3c81f50d6ea9cea,2026-09-01T00:03:55.692Z,381.08,3.55
a16bcfe7-5913-4a47-967a-af8d460e3deb,2,ca86ba8060f4ced18a06aabd5449028c,4dc646b9b9e8e411ef48ba000ea3ac6f,2026-09-01T00:03:55.692Z,137.92,28.44
7204f4da-3bd4-4141-b3ae-25ef8955600c,1,332ada06f1c62d8a675e44330d53f785,e8ff5a6ceb895583033fc2a0f314e3c2,2026-09-01T00:03:55.692Z,82.59,27.77
95f248f8-7999-44ed-b666-a271eaa2ba43,1,acb11dae3b9cd1cb63995716d264271c,994f04b3718c2bab35c2adfa8afecd2a,2026-09-01T00:03:55.692Z,12.63,15.16
66e59434-98a8-4e9f-83c9-880d6fbd76ca,1,4fc82a921b5a266beb6ec10c52342155,10264f60a8f0a4d2f30810f5c661c673,2026-09-01T00:03:55.692Z,144.06,28.48
66e59434-98a8-4e9f-83c9-880d6fbd76ca,2,12cabe5229bf1f037e257f645f04caa4,75a4764c108403a7a0575140cb22287c,2026-09-01T00:03:55.692Z,141.71,22.48
495d8ae1-fe91-4208-b84f-357d2cebe96d,1,e37522e3e9aaee5f8831b244b3efd218,2d378dbb39815785238c0139c7647fb7,2026-09-01T00:03:55.692Z,55.96,34.71
9aeda2df-5c31-4227-8f6e-f021ec77fc88,1,b4decdbf54d275fc3c56ade817a12f29,5b581417df4480f632484ba681e53944,2026-09-01T00:03:55.692Z,143.29,20.23
9aeda2df-5c31-4227-8f6e-f021ec77fc88,2,019d8b8866a5555ac955b45ffd35e039,8b2d4ab22f42c5cfc338b846decfda60,2026-09-01T00:03:55.692Z,75.32,43.94
7db2287c-b7b7-4c58-9dce-d51abfab50c0,1,63a02e48edbe315a16efcd9c9a389785,90b57083da5d803237da74daec6dcb2b,2026-09-01T00:03:55.692Z,153.15,28.87
7db2287c-b7b7-4c58-9dce-d51abfab50c0,2,cda3337475782af1a6a9e5580ca94b7e,2cb6eb1b7185064167657fa09f541105,2026-09-01T00:03:55.692Z,269.37,1.87
7db2287c-b7b7-4c58-9dce-d51abfab50c0,3,11b906b2a09fb80668f4478dd3f9c324,d624126b9206f595fb3fbb6ba03b28a8,2026-09-01T00:03:55.692Z,219.77,25.7
ec53128a-ca61-431f-8d3a-cab890d6fa74,1,79b34bfd104ba0110090a32b86572944,bd43e172d599bed47a85da877172ca8c,2026-09-01T00:03:55.692Z,303.99,10.02
5a3dd29d-0843-42a1-9bdc-47519a7de08c,1,726838a1b5bdf32e2fc8010f0807bd46,31344c16881c08a8a72c6d2eb29918c1,2026-09-01T00:03:55.692Z,328.86,33.44
92cf478e-e093-4af8-b0bb-43b747b81b2b,1,77b61edc47d5dda4e6fb3568962d3e63,97e4a63591ca439a2b8b7efd20e6e19e,2026-09-01T00:03:55.692Z,322.47,17.06
19a3bee7-fc00-4fec-af58-47613303ecaf,1,32252579a719da7dd2ee115f07dfd03b,1f867308a0ce13133a4e639ff4de0c02,2026-09-01T00:03:55.692Z,181.92,15.27
1f3b6dda-28bf-4929-9eaf-e80d85bfa296,1,3e6c4215625c463bdeb0cba3ec9ceb01,1444c08e64d55fb3c25f0f09c07ffcf2,2026-09-01T00:03:55.692Z,315.84,28.43
1f3b6dda-28bf-4929-9eaf-e80d85bfa296,2,63bff8e34e5c639696856394be9a9ac1,daeb5653dd96c1b11860f72209795012,2026-09-01T00:03:55.692Z,410.62,10.82
ff7697b8-c1b7-4dc1-8fef-4514a34cb50d,1,eace264775d7cb8c0ec565d7746f661c,70c27847eca8195c983ed7e798c56743,2026-09-01T00:03:55.692Z,9.69,50.18
ff7697b8-c1b7-4dc1-8fef-4514a34cb50d,2,2af11c7fa2cc165b8abc3a92127a2710,f3055483058c84d75ca2a3314fb4deef,2026-09-01T00:03:55.692Z,326.05,30.49
ff7697b8-c1b7-4dc1-8fef-4514a34cb50d,3,a95db8c4b3cfdf4a5d518e0d738e4374,78a4d36f65a019172c6154468831a69f,2026-09-01T00:03:55.692Z,279.03,13.61
4e2c206d-9ac9-471a-b165-188004ca2748,1,359b8de33f4e2b77eac2667fabfd2122,f7c31656c19db6275a8acadca289f426,2026-09-01T00:03:55.692Z,29.36,27.01
daea7b47-608a-43c0-9bff-325da71a04c7,1,04162d7f092b675a184e76e91fd521d4,b566ab0ef88016e00422755e305103c6,2026-09-01T00:03:55.692Z,64.56,8.51
6e50c4b3-b8fb-4c15-bb82-bf068213a4ca,1,a5502e9954017124d95f7bce4c89d339,b2f4d63c7203f539a78252565ca32257,2026-09-01T00:03:55.692Z,74.27,28.22
6e50c4b3-b8fb-4c15-bb82-bf068213a4ca,2,095cb863f2b04911455ad33f5177062e,93dc87703c046b603023e75222018b45,2026-09-01T00:03:55.692Z,115.36,23.88
6e50c4b3-b8fb-4c15-bb82-bf068213a4ca,3,5d8ad55d3f8971622b53ef88f1229af9,6ba4733aa33f6386e9fb0c0fd3993b38,2026-09-01T00:03:55.692Z,16.24,7.54
cc45f4e2-d5d9-4a35-a9c8-47043f35c558,1,495f9290868e1bde785d3c372608ad54,6650fcccd8cd2f7e55ffa524f30c4c59,2026-09-01T00:03:55.692Z,650.0,21.65
759a3366-47f6-4328-bd5b-9449f63491aa,1,f03a17295cb505e5cc28920af1c36739,d3f39f05462b79a4562d35893a28f159,2026-09-01T00:03:55.692Z,277.16,11.24
e2b3db38-864f-420a-b35c-b790fa7837ae,1,d4fc5ba3bc5d9e1a43cff83f4c454184,02c988090b766852e088c69d7fb3b551,2026-09-01T00:03:55.692Z,136.8,2.76
e2b3db38-864f-420a-b35c-b790fa7837ae,2,f908df99196805b5bc4ada9ef510b11b,c542f5a8c64d973f30e9df8d06f70b4a,2026-09-01T00:03:55.692Z,87.79,20.81
408c51d9-792d-4d0f-a5ba-331158749188,1,ad52cb93ae060c9bdd776831a915e94d,e9779976487b77c6d4ac45f75ec7afe9,2026-09-01T00:03:55.692Z,242.93,32.63
66e87052-cf8e-4ebe-a2e5-22be0a719b98,1,3d7e90a312a036ed4ae2ecd2a459a629,9d5604a1f112324ad6b2aa552122e0fb,2026-09-01T00:03:55.692Z,133.59,27.2
d4cb5dba-f6c9-437e-8d6c-2cd52ae0086c,1,0c398b245c9b74ef2bf4343b6fe73237,3bfba5a77604f6dfae7e6dd7aaf65821,2026-09-01T00:03:55.692Z,148.84,25.1
8c2a7b0c-c48a-4229-94bc-66bb58759236,1,b4df91f3ebb544f655bc35ddc68a85ea,0f7eea709efdf942b5f95c7516dbacd7,2026-09-01T00:03:55.692Z,83.31,16.83
15a4228d-27ad-4fd9-b1b1-8bc8fbc718ec,1,03233a6dca60544336766af227f78f09,c3f5668699a1b04c0fa61ecea1e2bff6,2026-09-01T00:03:55.692Z,277.95,35.12
15a4228d-27ad-4fd9-b1b1-8bc8fbc718ec,2,4bae12e58c9b828e1302a2cad437b80a,09883d9ab71c8fe8a9bfc7fc3075b07e,2026-09-01T00:03:55.692Z,56.75,26.65
b5e6199c-4aa2-4cfa-b780-69d2db836f75,1,4e4210d7d638f6e904297071820f08db,d7b2377bae6ace1b11fc69a11900ac36,2026-09-01T00:03:55.692Z,56.2,21.0
e558d32b-b51b-4924-a874-6485f077922e,1,318026bb905cd235b62c2f2f4eace780,30c7f28fd3a5897b2c82d152bb760c17,2026-09-01T00:03:55.692Z,84.95,27.89
e36a5d2d-fa37-4f35-b0a3-4bb195a0829c,1,bf7caf1a1caf9c42b0aac2e68e019945,6b9b80d53ba3676eafe60268a810b5a1,2026-09-01T00:03:55.692Z,159.59,14.12
77aca03e-ff00-45db-9dd9-ed7ed34b6edf,1,2954628cc646e129a849918ab2b366ee,1de62b6f2fd96227629786db492433db,2026-09-01T00:03:55.692Z,7.46,3.1
86b18984-1b4e-4de9-a0ab-11e54daf78c7,1,6b9411af71e48f2e3ed1f01640c3a75e,d23019c84ffae2d5ef2270367b8605fc,2026-09-01T00:03:55.692Z,224.98,19.19
08edee07-7ee1-4911-859d-a09fe8a6eb93,1,a08a20499b36a88c1ded2d041a863a9a,b6f52e346160519c24a23af05410ad32,2026-09-01T00:03:55.692Z,302.13,23.6
e90decdf-4b01-48de-96ac-499cbed46800,1,97ca99a3e712143b9cf17e31bf8f3367,633ecdf879b94b5337cca303328e4a25,2026-09-01T00:03:55.692Z,5.0,13.95
9ca5f3eb-049d-475f-ad1e-1dcb89292053,1,61e9110d123ee94fcee4f409df7f4ec8,56a8b450e802502ba53a9885ee38e29f,2026-09-01T00:03:55.692Z,247.12,25.74
9ca5f3eb-049d-475f-ad1e-1dcb89292053,2,88f608e85fd33226d6fa5e15d9748d92,d598f929fc44e1e38678e7f47250ec04,2026-09-01T00:03:55.692Z,304.43,31.18
a6cd830d-7bd1-418a-b6c0-acb4c410cb87,1,5ee76866fa61481c966c02a129dfac08,5f5b43b2bffa8656e4bc6efeb13cc649,2026-09-01T00:03:55.692Z,242.73,11.01
a6cd830d-7bd1-418a-b6c0-acb4c410cb87,2,c924e005748982a0f58ec549a7b5e353,515d781150feed28a6ac091bb0e3cb8c,2026-09-01T00:03:55.692Z,137.72,28.78
a6cd830d-7bd1-418a-b6c0-acb4c410cb87,3,be006818e0a584705110984cf17d09e2,8a8835a43bda99fd37310ad76c457510,2026-09-01T00:03:55.692Z,129.18,17.08
93544313-711c-4e31-b04e-5d2c527aede9,1,d914a2a0c672fc21c9f0087e07e9e881,adbe70ab2c97442046d393988c8d1d27,2026-09-01T00:03:55.692Z,165.41,17.21
93544313-711c-4e31-b04e-5d2c527aede9,2,c06ec7b8d433a443d9350e3da23a4076,dd2bdf855a9172734fbc3744021ae9b9,2026-09-01T00:03:55.692Z,349.97,25.34
9bf1819a-aff8-4b9a-993d-5e13c03310cb,1,fd0731561b291a28f6a3a189e86a1107,ea1776927851da2532aa70d6a32c095a,2026-09-01T00:03:55.692Z,316.43,28.65
98e1652b-f56c-4131-9259-997d537baea6,1,097ce3b5d4710b24d4a113b394ef2566,1f9ab4708f3056ede07124aad39a2554,2026-09-01T00:03:55.692Z,91.53,24.42
15b69e43-704a-4a6c-8cdb-e05d82037de9,1,d296d7996d75ec35fcfc75b3a06cae63,e62b2d6ac10570a035a30bafcf01d263,2026-09-01T00:03:55.692Z,149.11,11.59
b9ef7662-634a-4121-a1e3-077647e6f8c3,1,5391609b73c1bd3aa36c88f5d954cb1c,e4fc40017a6d22c46a14ac2e17f87c3e,2026-09-01T00:03:55.692Z,190.93,6.44
4e832e68-a7ad-47b1-a754-c2e058ff4351,1,896a64a7f34cdfef2c60ce59fa2a148f,8e6cc767478edae941d9bd9eb778d77a,2026-09-01T00:03:55.692Z,50.17,7.96
639a01c4-33d3-4390-bc98-f473e217e9b9,1,e7ab5dc415d1ef9ab700f49ce67adbdb,bdae679a9b282249bc23b9b69dae9a99,2026-09-01T00:03:55.692Z,20.9,19.84
639a01c4-33d3-4390-bc98-f473e217e9b9,2,a07d0595ac61dcdd44214f0426431c9b,2ff6b7bff164ef05590a52734e1296da,2026-09-01T00:03:55.692Z,34.7,15.29
2cb24939-f4ee-4c9a-b3ad-56008b0e7451,1,38d81441a145665231f53df8e97f52e5,ba6b4a237f92479743cf0ca06b67a9ac,2026-09-01T00:03:55.692Z,479.68,21.02
dcce372c-f2d0-4c29-bc1b-77ffcf55c12d,1,19dcb307b859214c546c3726043e9c2f,c840d3fdbba0790404fdae73d253b253,2026-09-01T00:03:55.692Z,70.15,18.93
3e173ace-d685-46c8-9fea-fb792a7f18f9,1,26c927e65e1f0e55dd678ab40436bc99,f97e2b0650c2068227e1d366140eb62f,2026-09-01T00:03:55.692Z,340.1,15.88
3e173ace-d685-46c8-9fea-fb792a7f18f9,2,0368744ea61d6163219e3bcbbbac3680,dc120d932ddf9d4dfb6fd68beefda622,2026-09-01T00:03:55.692Z,104.5,34.14
fda0a8be-5156-40cb-8c8f-c79b261e87c1,1,969c31fd56d207713e9475c051d984c8,6025c79c035c3d772133b8b8238463b2,2026-09-01T00:03:55.692Z,138.55,13.93
067c4bab-4b20-4bd0-89de-a9873719ded3,1,2c8238c5ab463c9d8cc054dedfc140c8,e2a1ac9bf33e5549a2a4f834e70df2f8,2026-09-01T00:03:55.692Z,127.78,9.3
d78b0b3f-7330-4b70-99ac-b821a57e36e2,1,bd089e9fe06981d16b0daf6f97bef3bc,e64882b4ef12aee8d0faca4db5b681f4,2026-09-01T00:03:55.692Z,124.99,13.44
d78b0b3f-7330-4b70-99ac-b821a57e36e2,2,db35a562fb6ba63e19fa42a15349dc04,258447aad3f7b01e2643c89f64dc5647,2026-09-01T00:03:55.692Z,313.6,15.79
d78b0b3f-7330-4b70-99ac-b821a57e36e2,3,513e834f4f9225e4e8b233716a699774,11938fcc75f6902fea1d0a6f72b54a57,2026-09-01T00:03:55.692Z,108.1,3.88
9a00a107-d8ca-4193-8f53-dc7975b8a66a,1,47e7c7fb5d7ab1b726e49c74693a0e69,e4f121bf6ef8b9a1d4d3e65dd0473fab,2026-09-01T00:03:55.692Z,5.0,17.92
a2e848a8-9c22-47fa-b2c8-d42184a09982,1,3745086e428495d12317f5864306279f,17adeba047385fb0c67d8e90b4296d21,2026-09-01T00:03:55.692Z,24.94,33.62
ca911842-54bd-46cd-acd1-fed73d7d0e23,1,bb1c86c0b1cd8da99fbd48d798abcca0,7cf4ea70955b00d6b3c22542598e2715,2026-09-01T00:03:55.692Z,101.24,22.44
9c4d7ee0-9eae-48e0-9e93-eb64e3cf6634,1,63f7cd79973145c9e6bb11c5fd03e82e,5cf13accae3222c70a9cac40818ae839,2026-09-01T00:03:55.692Z,63.07,33.41
9c4d7ee0-9eae-48e0-9e93-eb64e3cf6634,2,fd33cf682028dd12dea92f2ec002c6e7,1c56ffe0e9dea2657fc6e95b53f40b13,2026-09-01T00:03:55.692Z,154.79,27.0
88ecf6c6-e98d-4a64-81b8-8fae028919b9,1,9f2575ec18612ca31cb4f9e91910e274,50c361bcf670d16f6df4d52de3dff924,2026-09-01T00:03:55.692Z,172.74,31.72
88ecf6c6-e98d-4a64-81b8-8fae028919b9,2,188726239018149882525f46706b9bd7,59de1d4c8c057c2a53acd4ca66531af2,2026-09-01T00:03:55.692Z,5.0,9.82
260dd176-2cb4-4885-8142-91ddb8dfe05c,1,e9f5d10b74f0589a7d327eff4bdd6b04,15aec03fe4cf30dfa574cf550f5ff5ff,2026-09-01T00:03:55.692Z,71.2,24.89
bd67221f-e1ee-41d9-a82c-d48f4db28bb9,1,c22d563bae38dd4598dc104eefa52224,2fdde51ad3e12f297da656d4fbd5d0b5,2026-09-01T00:03:55.692Z,327.2,11.15
a991157b-31f7-437e-8382-251b56181fc2,1,f76b8eae9da79861cd75f86a1020879e,da2782c804606d2a5d8e1760dbb3e7ec,2026-09-01T00:03:55.692Z,134.12,34.1
1a37c4e1-782e-49aa-a14e-eb18dd3e12c0,1,5b4c8d91d1870633efdb893f7b2bb44d,ad97a199236354e53fcd91a5a913e9a2,2026-09-01T00:03:55.692Z,10.78,16.82
1a37c4e1-782e-49aa-a14e-eb18dd3e12c0,2,5ff441e1a42b8812f2bd9467947a2f00,ccada0ef508e698917a6eab263375905,2026-09-01T00:03:55.692Z,69.43,10.21
1a37c4e1-782e-49aa-a14e-eb18dd3e12c0,3,43bce2c11df17f5e6e50fbb914fd13ea,7813ea3ebd9411dc600b4dd01f7a97b9,2026-09-01T00:03:55.692Z,19.33,16.64
f90edb0f-3dd3-44f5-8f24-153e1665e964,1,7aac5971b0560a816c14f6b6e9185bcc,c003204e1ab016dfa150abc119207b24,2026-09-01T00:03:55.692Z,341.6,25.11
b3af5612-2199-4d10-81a6-26f73dee2145,1,ebcefe0202e6d4a7a3a115397fe0f78c,e627629ba868740e287800f1a9be81c2,2026-09-01T00:03:55.692Z,222.18,31.79
b3af5612-2199-4d10-81a6-26f73dee2145,2,9239c49d7d0e542d0e12a9023771ef51,272f092de69afedd4d2969440b37f18f,2026-09-01T00:03:55.692Z,29.87,38.3
1a479e16-6cd4-40ca-b4bd-24a46669a230,1,44c3393093cceb78aa4174c28ec0ee40,0bb738e4d789e63e2267697c42d35a2d,2026-09-01T00:03:55.692Z,167.34,21.46
1a479e16-6cd4-40ca-b4bd-24a46669a230,2,d88a09e1deacfdf7d5f5a7baa73055ce,820c7c9eaf76d2b226b6c242bcf3f34d,2026-09-01T00:03:55.692Z,81.9,25.73
7e21332a-ac94-4200-ba52-9496002ff038,1,d9471e8bbb843a2afe92def2edfb8638,2ee0a0689f2f6a72f35a7cb6033f6e7e,2026-09-01T00:03:55.692Z,66.9,13.4
a1949c4d-51d8-486e-bd9a-683e9d794b77,1,4509f2dcb7651bc7c7fab76f3a87e700,440dd6ab244315c632130ecfb63827b1,2026-09-01T00:03:55.692Z,326.76,25.38
4bb1e9ba-1932-49f4-928c-8b7c79c92003,1,918d420adcb5ca26487f9fff29535fd6,13fa2a6c6b9d0f43cb588d7c82117a12,2026-09-01T00:03:55.692Z,5.0,16.01
774bc208-36dc-4285-b0da-29e04e6f4d7c,1,caf864611f0c6a9c238876119d725182,397c4d0c005b6f41f90098ac724e28cb,2026-09-01T00:03:55.692Z,134.67,14.23
aefc85e3-1e4d-44c6-afc1-27d682de710e,1,f2e9bb932d99a4a695ebde162fcefc35,8b11118053756a9a2932f447e11fc1b5,2026-09-01T00:03:55.692Z,132.27,17.15
aefc85e3-1e4d-44c6-afc1-27d682de710e,2,c7a3f1a7f9eef146cc499368b578b884,ef0ace09169ac090589d85746e3e036f,2026-09-01T00:03:55.692Z,155.03,20.73
df28e71d-58c0-41ae-a3a4-7852a333999e,1,3dd519e4024a114cdf2825caa88c6091,9b1585752613ec342d03bbab9997ec48,2026-09-01T00:03:55.692Z,339.31,2.56
df28e71d-58c0-41ae-a3a4-7852a333999e,2,7e1283a5fded327a53d039a113eb543a,5882820ef11c4c068eea0677a7a879b4,2026-09-01T00:03:55.692Z,77.86,15.46
ab5517aa-df15-4845-9f17-40ba2e6d12c0,1,731f32f46216108c900621c487081dcb,e84ad2127668df3aafc6b73531a0beb8,2026-09-01T00:03:55.692Z,74.1,18.26
ab5517aa-df15-4845-9f17-40ba2e6d12c0,2,fdeb34a9f03fea7c3937dd62d1d0287e,cee48807215b30a12ca2ca10ffb5f250,2026-09-01T00:03:55.692Z,227.11,19.52
90dab688-6d50-4dae-90be-bf7109b87088,1,73a0e2fb5e04e869a6b73faa18e0fb46,6b536a23086fba0d58c08d68814397f6,2026-09-01T00:03:55.692Z,278.08,5.08
a48c8378-805d-4f97-8ed2-360c24987751,1,c2a1ff8408a1c857c8730e4d12da714e,4c18691b6037662be2df78a765d98ab5,2026-09-01T00:03:55.692Z,20.16,15.26
286a2753-985e-49d8-89f7-bdfdc75e7704,1,6d313b6e250189718db2169e5e3a38c2,6561d6bf844e464b4019442692b40e02,2026-09-01T00:03:55.692Z,152.8,19.04
f6af6b85-33b3-4778-b097-20a771eb1590,1,db553c9b5cb2f9b4c3f2f7b32a237ec2,6e4f5ff6b086632ba8dcb558fb10249e,2026-09-01T00:03:55.692Z,103.1,15.74
13e55f6f-caba-4fa5-9592-b5001c4e38fe,1,7a054d17dc450583ed639068a9298afd,41b39e28db005d9731d9d485a83b4c38,2026-09-01T00:03:55.692Z,112.34,26.64
9cde5066-728b-4629-a5f7-b0e5fa2818b5,1,0a9a9c25c5a06532d1766e00db833a7f,50bf89f1349bc0409a268c3a49678009,2026-09-01T00:03:55.692Z,156.12,19.77
9cde5066-728b-4629-a5f7-b0e5fa2818b5,2,201842e46ecc7b96047e78835d973548,cda598c48d7c614bc1cad7d8ff6f0010,2026-09-01T00:03:55.692Z,90.05,14.44
9cde5066-728b-4629-a5f7-b0e5fa2818b5,3,88ff969d40429ca9a43c4e09620d6101,0692610d8abe24f287e9fae90ea0bbee,2026-09-01T00:03:55.692Z,144.77,20.74
16d2e35e-de5f-4e10-85d4-b00ae2f0dc2b,1,8e6774f213b2625176287ad6c3d38be6,c72de06d72748d1a0dfb2125be43ba63,2026-09-01T00:03:55.692Z,230.96,24.71
16d2e35e-de5f-4e10-85d4-b00ae2f0dc2b,2,0f3c8906e5b08127d539956bc587074c,624f4ece8da4aafb77699233d480f8ef,2026-09-01T00:03:55.692Z,137.28,33.95
20e47682-6f34-4d9c-bfb5-7131aeb0910c,1,26e4016b8946bc71f7294154866226df,dedcab67899479e4ea5dcc4eba47f587,2026-09-01T00:03:55.692Z,66.55,35.6
930bd444-aefd-483f-a676-df60703d2001,1,03f02ee5e8fd233d41dcfe8ad911cf7e,26562f211dd1364af2a8596dc945e8ae,2026-09-01T00:03:55.692Z,457.04,29.12
f8c48d90-23ca-4c59-904a-2620b5030571,1,d2686065b870834cc92605a5b9ec84ba,3f995f07c49d0d55a99d5c54957f7d81,2026-09-01T00:03:55.692Z,18.6,17.04
e5d07967-d769-4c0e-8e72-e637bbceb97d,1,80d26752db9f24b4822df9aed428d3b6,f664f98bfda2eaf266a23ff144e7a872,2026-09-01T00:03:55.692Z,346.34,14.85
e5d07967-d769-4c0e-8e72-e637bbceb97d,2,24dbd57bf68a29e64c462b88087b93ed,ead2bab70821ea148476ae9bc08548ac,2026-09-01T00:03:55.692Z,91.76,16.01
e5d07967-d769-4c0e-8e72-e637bbceb97d,3,3e19791ee3fa124c96da5a87616794ac,bb3dca718920a4d7ec3cc9ffb025108b,2026-09-01T00:03:55.692Z,381.84,21.03
70ce9577-cec2-4e5c-b318-14ad926b2bae,1,e1dc23d88d327fefb34f58df7d6be272,9a03a4e9eb0b947652fae4f6121a3f5e,2026-09-01T00:03:55.692Z,77.93,17.76
70ce9577-cec2-4e5c-b318-14ad926b2bae,2,16522de6b7f6222b7f9c3b00a0cf3218,5a8e7d5003a1f221f9e1d6e411de7c23,2026-09-01T00:03:55.692Z,61.34,30.34
70ce9577-cec2-4e5c-b318-14ad926b2bae,3,671e7e145b2a32685e1429498fe906bb,5d378b73ab7dd6f0418d743e5dcb0bd1,2026-09-01T00:03:55.692Z,83.83,17.41
1b1f0d5a-e725-46fc-a2cd-fa89a6a6b84f,1,da2fa693964fb1caddb581348b7b592c,f181738b150df1f37cb0bd72e705b193,2026-09-01T00:03:55.692Z,47.86,29.33
1b1f0d5a-e725-46fc-a2cd-fa89a6a6b84f,2,2bfb0bdbcea77da2879f0ef3be9a219e,b8114f2f589a6804810f04f99b36b498,2026-09-01T00:03:55.692Z,226.08,10.63
1b1f0d5a-e725-46fc-a2cd-fa89a6a6b84f,3,5a0783457f0264ade6beeac64ba145f4,feb793c88d836c3a75efa4b5a3465d70,2026-09-01T00:03:55.692Z,190.55,4.14
07799d71-4402-4978-965d-220f245a3819,1,bd588795ddfe953f64d59d514ba0527a,7e26c750b4cb9f6766f58265ff9ebe95,2026-09-01T00:03:55.692Z,201.66,21.3
df276eec-add0-4868-983e-0535949f9189,1,eff955ba97941dc6837a770367d66944,686886775c8f6b1191c7b953fb52708c,2026-09-01T00:03:55.692Z,260.57,36.21
ed333cf9-7871-41f1-abd2-3b32c7e4fda8,1,76f71ec385ad031b06d5ad8be0440260,4dc2e811a1760953cb7c6a590b498943,2026-09-01T00:03:55.692Z,93.84,19.4
ed333cf9-7871-41f1-abd2-3b32c7e4fda8,2,869335bdf5f8389362b55e97c83ea1ef,6b89abe95848c850399130d149a39b63,2026-09-01T00:03:55.692Z,120.41,13.12
ab41dce6-9aa6-4432-a61b-f669fdc0f301,1,ecb07a06fd523021fdce82a3c43a1a65,34675b28b826facfde119785bf287dc1,2026-09-01T00:03:55.692Z,264.42,11.81
1561a2a8-448e-4e26-bfeb-6a527293a56e,1,1c6e92bf485313aa98f50dbfd2586f95,b9a03475e6447e631b6799ec8274800f,2026-09-01T00:03:55.692Z,137.56,13.28
b2f733d3-1c4f-4bf5-8c40-9f10e4e066df,1,2239cf6b4421c4bd57f8a87127800929,d379f449f2a3b271bc01c0782020f705,2026-09-01T00:03:55.692Z,122.2,9.51
cb5dc25b-0b7e-48ca-9784-025eca3679fb,1,91d192f809ce47b73e0080288da65f34,822b63912576852aea9a8436d72317b7,2026-09-01T00:03:55.692Z,517.16,18.01
17ff228f-5c42-44cd-bcb0-42d2f3176df8,1,8d7b1f65c55c4c92979d7a0c36200c29,918717417d88a9f9ae9735567e6c7682,2026-09-01T00:03:55.692Z,321.37,3.83
af93ef64-d1d0-4e9f-b0e8-0c7aca64b573,1,7ee8a1b1807716291e12649b1d617896,712efd3b68f9686dc856b84abd0f21ae,2026-09-01T00:03:55.692Z,117.49,33.19
42a17bf5-d277-4baf-8467-7a7502c91611,1,1cb4e06ac5f21ccde771561d17ec0afb,f789d2c4f2c2eb38fc4373e7a4b35264,2026-09-01T00:03:55.692Z,399.01,40.35
47e4b4c5-d58f-4f0c-b35f-f5055fbb49ad,1,f5b43eb04df32b98c282b6168cd72a5b,9ef932e837d8b7f392c0bfee9d359dc2,2026-09-01T00:03:55.692Z,519.42,0.37
47e4b4c5-d58f-4f0c-b35f-f5055fbb49ad,2,573ecac44bc00133b12d7d80ed8f3fa1,ce3ad9de960102d0677a81f5d0bb7b2d,2026-09-01T00:03:55.692Z,38.43,21.25
47e4b4c5-d58f-4f0c-b35f-f5055fbb49ad,3,5babb170cd172ec25690087d7018f26c,18a349e75d307f4b4cc646a691ed4216,2026-09-01T00:03:55.692Z,166.92,30.78
b150bad4-2036-4cbe-9d37-af4a0899f8b4,1,2a1dc7b4d777085804b1a6389639870c,a13aaf2d2886ab9fb30fb9a920160b8f,2026-09-01T00:03:55.692Z,149.49,13.32
b150bad4-2036-4cbe-9d37-af4a0899f8b4,2,ce98361ef1341e15087ae4b1b2c53fdd,c113b8df1fc375bc3d73d29c1b1144d1,2026-09-01T00:03:55.692Z,5.0,6.47
96f784f0-904a-47a9-b07e-56277e7defc6,1,4a0d1ccdddf9a6fda274fad13550f595,270d3ef21830ad0ecf3a6c53d08a533a,2026-09-01T00:03:55.692Z,78.76,15.21
96f784f0-904a-47a9-b07e-56277e7defc6,2,f29cea85796ecb6453d24eb3b24f4b77,985c92cc412091f8529c12d7f23d3fef,2026-09-01T00:03:55.692Z,270.98,25.5
ced83d8b-5788-455f-915d-5c02913ec904,1,e4bb850bf967ec64439ebb3c73b5b6f2,f00e21b1e91a79653163b7fd8f293ff1,2026-09-01T00:03:55.692Z,66.15,1.63
ced83d8b-5788-455f-915d-5c02913ec904,2,0485eb91cf4786a456d0b61ef9d9183e,5145090ab595c0d0b8557199f5701fbf,2026-09-01T00:03:55.692Z,46.94,15.32
1c76107d-0385-49da-89c0-40a3e292e622,1,40749a37d68c1827c0ccd1844e9e3c8f,75fbb52eda0cbc24f479d3b2fbfa8d3e,2026-09-01T00:03:55.692Z,195.68,36.96
5c15410f-8903-42d9-870e-4a665b4031c7,1,c3b74fec36efec92f2c1b2d46c8cb316,b274baf5bbd142410eb2958cf685d684,2026-09-01T00:03:55.692Z,135.5,7.11
3f2f2f93-51b4-4a96-bd14-7ef601879290,1,5a885007d9eed9680c983b19126a4bee,226b05fe067266c59c15dae208213d06,2026-09-01T00:03:55.692Z,215.89,24.96
3f2f2f93-51b4-4a96-bd14-7ef601879290,2,3a3502ecc84a931af1064f5a82ed267a,ee27a8f15b1dded4d213a468ba4eb391,2026-09-01T00:03:55.692Z,289.61,21.25
9ce8885e-3c56-47c9-b56d-47ef37f8b6af,1,326a0f5cd9ba675a997b260b0a0c5b6a,d97df38225e5abadaff1e72cb72b823c,2026-09-01T00:03:55.692Z,66.27,29.08
57da0d7f-74bd-4af5-a6eb-89b4a1935369,1,22a4657fae391d977b8dfe09b590ee6c,af4a0e4cfe1d9c26b6712b1be25a72e5,2026-09-01T00:03:55.692Z,310.72,26.26
57da0d7f-74bd-4af5-a6eb-89b4a1935369,2,835fdb74fa8c0da45cd0879b1307fcd0,7299e27ed73d2ad986de7f7c77d919fa,2026-09-01T00:03:55.692Z,10.09,8.66
4c12d259-3de2-4534-ad3a-c867efb8130b,1,c3b957b4e1d4cd8d595794d22973cae9,ff4ea69c2a729e83e63c7579e4ef8170,2026-09-01T00:03:55.692Z,46.83,28.82
717a60e8-d407-429a-b3f2-df39f0fcc8f4,1,67031f1b5ba68a9997efb630e43ada88,ac6417315ae5da8f9a38ee11de6f7780,2026-09-01T00:03:55.692Z,95.95,20.59
717a60e8-d407-429a-b3f2-df39f0fcc8f4,2,abefc54df1613eda05b2c702a316eb41,4c2b230173bb36f9b240f2b8ac11786e,2026-09-01T00:03:55.692Z,60.46,35.0
64445daf-c1db-4e27-ba9a-ede0ebe13c18,1,52817a1b17d101c0656923254b92aed8,32f83ffe11cd40f7adcf4eef171f52d9,2026-09-01T00:03:55.692Z,157.22,13.98
0d4ec244-b642-4ee0-8812-39cbf07ca079,1,f25795cfffe214cb33e87d996d64a222,d03698c2efd04a549382afa6623e27fb,2026-09-01T00:03:55.692Z,361.52,12.66
0d4ec244-b642-4ee0-8812-39cbf07ca079,2,5f47bed9e5b0a01f44ce1ae93da98e70,e5c84227854980f1db19a58958c551d9,2026-09-01T00:03:55.692Z,93.4,14.58
51db40f3-1b69-4b44-8f00-50cf9ab18b6b,1,fef80a5fb121b63bedd4096ff28f6aaa,5bc237df65098fe211bb4818f4d26d78,2026-09-01T00:03:55.692Z,63.04,38.11
51db40f3-1b69-4b44-8f00-50cf9ab18b6b,2,e3f7b3cbb0ccf1f1e361e6974b22e346,3078096983cf766a32a06257648502d1,2026-09-01T00:03:55.692Z,203.86,20.09
51db40f3-1b69-4b44-8f00-50cf9ab18b6b,3,bc4b1c6c831c93b87cd134c9089c657d,e0eabded302882513ced4ea3eb0c7059,2026-09-01T00:03:55.692Z,46.89,29.76
0445077c-9753-4b78-a1eb-557462370645,1,f65ff6e5a356943c5cee2e8bb023efc8,0ee4fb99ac55ffbbc98795aa01b7f8fa,2026-09-01T00:03:55.692Z,79.84,10.78
edf8a15a-bd8f-4bc5-8aa3-92eecaab4900,1,9fd402a0b4e316e0945ec7a6cc106d08,05ca864204d09595ae591b93ea9cf93d,2026-09-01T00:03:55.692Z,86.92,23.71
bc52c699-a77d-4ca6-8b15-ddd10bc1cd10,1,786733d317255508bd4d648585977611,001cca7ae9ae17fb1caed9dfb1094831,2026-09-01T00:03:55.692Z,32.65,9.93
6cab9893-947f-476b-9360-f479bd36e6e8,1,964c5f7cd701d923e2350137a4715bb1,119c7f1a00ef43fad0e57604e76a747c,2026-09-01T00:03:55.692Z,221.92,29.55
af94fd1d-9b0a-4d77-ade4-3d61d38869b1,1,8ffdc77604396b5f0483e372aafe83f0,3820c6537b3853be1a0687d5a60807ec,2026-09-01T00:03:55.692Z,194.75,26.19
1336b935-d0f1-4d1f-908d-79888fd6e592,1,88edbcd7253153fe0b9b64c8e643ec00,4e5725ba188db8252977a4f0227bd462,2026-09-01T00:03:55.692Z,62.22,34.81
891323f8-074b-456a-b43d-f1090dd766cf,1,566d15b940c0d5e7a0a37c82b8ce353f,6b803197e03abd5056b4313306b4f29d,2026-09-01T00:03:55.692Z,97.53,35.82
ae216837-a8dd-4fe9-8576-4d75748c4c3e,1,f8c6a76085bd3b4341cccb774b554c82,439a47cc365d6e3bd526812ea9de3c29,2026-09-01T00:03:55.692Z,144.65,19.37
9287204b-4a15-49be-9aa1-1c543e48e48c,1,694ef7517a535b054fddea9154d3e627,5e49e3a44bdeb5aab2684258bbd4f525,2026-09-01T00:03:55.692Z,6.58,15.7
9287204b-4a15-49be-9aa1-1c543e48e48c,2,4f094d03e0acd9b1259fc846321e85b7,d94a40fd42351c259927028d163af842,2026-09-01T00:03:55.692Z,133.65,9.97
5b9ef8e3-84ca-4dc7-8d16-112c4a087988,1,5fb0031ce4395d307321919f71ffbdf7,417a1e6c7321084d2a0ae0d023cfad93,2026-09-01T00:03:55.692Z,206.07,2.26
d0120522-becf-46e7-a564-15d39de6f80d,1,661856216cb56d1d9e5a954c66cb136c,6614814a00d344b846ae209f95ee7e3f,2026-09-01T00:03:55.692Z,176.45,28.55
3c1c657a-b5ec-4bf2-a830-c18ade395e7b,1,ab33dc82f8f99512a4a7086d5e143b96,525e75a6fb1454a2325ab1734bcec221,2026-09-01T00:03:55.692Z,149.09,33.91
3c1c657a-b5ec-4bf2-a830-c18ade395e7b,2,b68a2323ae78c8400b78aeb0e9b33ccc,70ee69419916dc13e3aed619061f996c,2026-09-01T00:03:55.692Z,17.04,23.61
5b304a22-422d-4620-9417-3991d76e1b05,1,a9568a13a4077638b75b8a64bc4818bc,02f623a8eb246f3c5f7c2f96462654e6,2026-09-01T00:03:55.692Z,9.81,33.45
81d380b2-f0af-4162-898b-fd2e87409f42,1,4a69bf67fa5c94b8e301ef9c94950755,9baf5cb77970f539089d09a38bcec5c3,2026-09-01T00:03:55.692Z,515.52,47.31
f6678804-25f1-4ba5-87a8-c52a34fc233c,1,68106dcce45696d316763cb7e5678487,f4c4daa86e30c7e5a553a8d518ac03a5,2026-09-01T00:03:55.692Z,237.69,22.45
d780f34a-9a42-40a2-b16f-ef807385feaa,1,f646af315b0f3a597f69213537ca2199,1746c1ae87ac63d530c7c943d0ac42e2,2026-09-01T00:03:55.692Z,263.38,22.78
35b83db2-cc6f-435a-a1e9-b4dde56f54d7,1,821f6f2b173248cc704e369c94228008,74636e24f01da9268b0ed88dacd8513e,2026-09-01T00:03:55.692Z,19.97,10.56
71083552-8454-4535-ad16-9d17771f02c9,1,3c93c9bcf16515a2c279990471744198,4091f77d8c768fc3e81c20761471761d,2026-09-01T00:03:55.692Z,298.58,14.03
035ea228-1e8c-4065-9648-dedd62f33a4c,1,444ab88b25c5d6d2310be80ab1d60fad,527801b552d0077ffd170872eb49683b,2026-09-01T00:03:55.692Z,5.0,6.16
b3ab7c3d-a8b3-4f05-a920-cc46861f8e80,1,cce61e7ab409679afd6ba99a47349582,05aebce0b5c8f0d41b29b686f2d05fd3,2026-09-01T00:03:55.692Z,36.35,9.84
35a1ba33-d285-4e9f-b652-8f19181db74b,1,d1023459eada86bf4bb6804656cc4643,851773c885feb5e2da3b4f82bc2b17ce,2026-09-01T00:03:55.692Z,68.29,23.26
1bb67087-b5fe-4f1a-83a7-295606b9b473,1,0043d1a25ef08fb6f41b8fa6f91742ab,08d2d642cf72b622b14dde1d2f5eb2f5,2026-09-01T00:03:55.692Z,32.51,16.51
54d91b29-4d3c-41c7-8338-35f134580626,1,1b06001e6b541c7e43a5a0339129a3ea,b2ba3715d723d245138f291a6fe42594,2026-09-01T00:03:55.692Z,380.76,9.43
54d91b29-4d3c-41c7-8338-35f134580626,2,8c10db7e2bc84a4697eaed54db164c7d,1dcfa3835714681d4ba4a93bc1e0fd41,2026-09-01T00:03:55.692Z,200.21,27.54
54d91b29-4d3c-41c7-8338-35f134580626,3,2ad445594b1355fa451e7940011baae4,70c4eedec9cb4a85cda2f3f9673557b4,2026-09-01T00:03:55.692Z,134.41,15.95
7fa91c15-bdc6-4029-91f1-7c893c95f1ff,1,edb0a8739ce7457ff4767a85d6aa92e2,fcdd820084f17e9982427971e4e9d47f,2026-09-01T00:03:55.692Z,98.37,11.15
44c5f988-e4d8-47be-b3c7-fa2a3f06d8b1,1,64d9a8168b3776844d8e4dac2a0efca3,e5f9e61ceb5f523cc966e0f34095032f,2026-09-01T00:03:55.692Z,111.48,9.85
44c5f988-e4d8-47be-b3c7-fa2a3f06d8b1,2,5b4341a1e617e4d33c3305158ff03c69,3f3486b61f45078d4f31ee5e43d8c5bb,2026-09-01T00:03:55.692Z,65.54,28.02
525510e1-bf25-4684-af4b-2d6ae3bda752,1,c2e2f746cdd48da2d45b17f3fcc4575b,1acde099eb406aa220b1169b188b42da,2026-09-01T00:03:55.692Z,155.54,36.86
525510e1-bf25-4684-af4b-2d6ae3bda752,2,5f043cb6ec3f7dcaddf80468c523a80d,87f3e35268860433e13d577825aada95,2026-09-01T00:03:55.692Z,36.35,19.51
525510e1-bf25-4684-af4b-2d6ae3bda752,3,dc48030c42aec9ae7ec9757387ba4250,15ac3c501e2599e4917316fde5c5669a,2026-09-01T00:03:55.692Z,407.92,10.46
d75947b8-1e19-427f-98a6-a08e16227832,1,ff6154cee42bf2718cca4865f0620e04,7402d13c03a7e91366337cd1de471144,2026-09-01T00:03:55.692Z,208.96,28.66
e68733cf-abcf-47bb-80f9-06e638681f2b,1,4256cf575577f02e6c98d452ad40fa63,ec933281fb017b5020d06df29c3f77e8,2026-09-01T00:03:55.692Z,340.53,2.8
e68733cf-abcf-47bb-80f9-06e638681f2b,2,77d86f9e64c28aa93e3d46f4047646d7,57d2ba47f7a3209aa347532ae75c1165,2026-09-01T00:03:55.692Z,269.38,21.15
c08bc800-fd9f-4a0c-ace4-eaa518ab214c,1,7b6669ccb9510397f7923a979c895733,48162d548f5b1b11b9d29d1e01f75a61,2026-09-01T00:03:55.692Z,197.15,6.15
c08bc800-fd9f-4a0c-ace4-eaa518ab214c,2,d4d538563de6b49c547e6997f0f8be32,612170e34b97004b3ba37eae81836b4c,2026-09-01T00:03:55.692Z,72.83,26.21
10762631-7fca-4a22-910f-ac35b2ea29d4,1,85c4d55069956c2035afcd4658368f36,077c5fae4bea9500e3737b16f71b9d3a,2026-09-01T00:03:55.692Z,178.37,14.88
4dbf85fb-3c2c-42f2-b4e5-e74f42edbf4c,1,187b442eb4df48574faa31381921991f,2199e7fe213c16213bf5d6a7eadc9a5d,2026-09-01T00:03:55.692Z,371.0,16.82
18a9ba0b-0463-431b-8e79-3ae793dafdf4,1,fcc54227ff8274a40686b505d5874e8c,cce6ab8d1682639fe45ab70234f1665f,2026-09-01T00:03:55.692Z,191.28,8.16
3259c345-2cb3-459c-a8f0-d296160f9945,1,aa52785e49f7b78b96704df4068d9e3d,07de60b03d150fb3ea09eab5da5e4c8b,2026-09-01T00:03:55.692Z,247.13,25.72
3259c345-2cb3-459c-a8f0-d296160f9945,2,c327898dd247165a50bd1d6a2a38347b,458c6fa920810ce2492da71bc26d9eec,2026-09-01T00:03:55.692Z,636.82,9.37
8839873b-340b-4af5-ac97-413e527b7d15,1,88b3956a8179086a0c985a39644ec47d,782f78b632a43875dd5b53e3e49c9564,2026-09-01T00:03:55.692Z,5.0,36.56
9d9e0d80-142a-4b12-9d52-ffcba71f8364,1,6f053a0a4d934dfde147e71bcedc99e8,a21c11ec5c3f03e7cc9f9203bff9e1c6,2026-09-01T00:03:55.692Z,179.96,9.54
9d9e0d80-142a-4b12-9d52-ffcba71f8364,2,aeb2f7fc62c8a2a56ae6e2f1b04d4e62,f5403d3f50089112c4eed37928b7f622,2026-09-01T00:03:55.692Z,230.6,20.03
9eb52695-36bb-4676-8264-30d50130cb84,1,4e18c6967304419be650ad67237966ce,f45122a9ab94eb4f3f8953578bc0c560,2026-09-01T00:03:55.692Z,317.26,9.4
05b57ec1-fb4c-45f5-b46b-efdf25a43d38,1,69918318f27e9853c6d2a68906018a14,04308b1ee57b6625f47df1d56f00eedf,2026-09-01T00:03:55.692Z,161.19,16.23
96738290-a9b5-4a41-8d55-11459cb39d81,1,c88b4c14d55eb0c9706f83e3e01cd091,72c38a04bd6a1c3dbc5298425a0db86d,2026-09-01T00:03:55.692Z,91.67,24.59
96738290-a9b5-4a41-8d55-11459cb39d81,2,9b02b650be0a39d8590be7d35be443f9,784ba75dd9d20200c4caed3d7a77141a,2026-09-01T00:03:55.692Z,312.17,12.74
96738290-a9b5-4a41-8d55-11459cb39d81,3,bf5fe03d1ac5be6407a279b3681992ed,228e4c1a0be164f613d41c24345f9d2c,2026-09-01T00:03:55.692Z,27.95,11.85
4602bd04-2283-4b4b-af55-fbc0fd8213ae,1,391a014a66920fa0ce468319264e0232,07d75e33f2750d97d467fb57e4dfdd8a,2026-09-01T00:03:55.692Z,544.24,15.12
fb210be5-854d-4d0f-968a-952e1dd524ba,1,0e8d9a894d190db0d5c32075ab02ea38,b1fecf4da1fa2689bccffa0121953643,2026-09-01T00:03:55.692Z,5.0,31.45
fb210be5-854d-4d0f-968a-952e1dd524ba,2,25faa7f2253c7e5c40a0ffa4d5bbdb25,d1c281d3ae149232351cd8c8cc885f0d,2026-09-01T00:03:55.692Z,120.66,26.18
fb210be5-854d-4d0f-968a-952e1dd524ba,3,6a3bbf3124c96579f7cd0b2519490cd2,382229d1e840115ffe3dbf5ff460e417,2026-09-01T00:03:55.692Z,6.45,34.95
81532385-5a72-4cee-a790-6e0405c41430,1,43cc8e4d981bc04b9d78b12e8a908d41,0b46f784306be7200ca1700aa55d819f,2026-09-01T00:03:55.692Z,273.55,4.98
b30624c5-6b96-457b-8d68-758bd8f5fe8d,1,b59b3f2a8ef323e661a925415545ed98,7d7866a99a8656a42c7ff6352a433410,2026-09-01T00:03:55.692Z,28.51,19.31
b30624c5-6b96-457b-8d68-758bd8f5fe8d,2,47fafa6908e75ae62b8a36a9eb3b9234,d93844a9c55ba7ce353388bcf849ea56,2026-09-01T00:03:55.692Z,158.06,18.76
0f80c0d6-51a0-4f36-b8d7-973570369190,1,aba9cea5277910afdc1ad5dec5583e1b,dde698c6d0bd24834c586e5111c2bba7,2026-09-01T00:03:55.692Z,141.8,3.3
0f80c0d6-51a0-4f36-b8d7-973570369190,2,8afd2ec5bf821e4d1a061e7ca31cac24,1cd9e0cc1839d55516843def5600816d,2026-09-01T00:03:55.692Z,72.31,25.76
8ef7c919-c525-4fda-851e-32a496416b8e,1,c0fc7711dd6c18600d83a5420d0e010b,6aa3928696eab49a19a466e665a649fd,2026-09-01T00:03:55.692Z,199.96,23.54
8ef7c919-c525-4fda-851e-32a496416b8e,2,c1c27de6591a9eaeb865eed7b905b046,377bc18334c78dd2f1535ef22a3ad225,2026-09-01T00:03:55.692Z,263.75,3.83
13afb412-ea65-4186-844b-94685b7d8c7b,1,9bbe6c774ab3a4f9c5a0385e78c9641c,e882b2a25a10b9c057cc49695f222c19,2026-09-01T00:03:55.692Z,95.99,9.48
543c344c-2b51-4f81-8605-603b4e9b7c19,1,fe8bd0b912e59890950cae5e3bf908c9,b1b3948701c5c72445495bd161b83a4c,2026-09-01T00:03:55.692Z,14.17,17.67
d9d2ea5c-68f1-4f7a-9c9c-a64b9aa6ae81,1,593bdcdada2c45e94684f7bb36ca6cb9,33cbbec1e7e1044aaf11d152172c776f,2026-09-01T00:03:55.692Z,108.36,16.02
b1a1cf74-7719-430f-82a3-36668d5f90ff,1,774bf54401ea79ee6962d25b605716dc,1cbd50a8c52e6cf8e315c5709fab386f,2026-09-01T00:03:55.692Z,105.99,21.34
62aedbb5-05af-44be-b817-96beb335ef45,1,8a5c39b8efa20b3f51b2b9d943ff1780,2e90cb1677d35cfe24eef47d441b7c87,2026-09-01T00:03:55.692Z,315.69,12.24
c99660ec-1a1e-4c90-bafb-65ea05ac1a8e,1,58b0b0b3e6b7f8ecd3874db9c141250d,d9a84e1403de8da0c3aa531d6d108ba6,2026-09-01T00:03:55.692Z,393.48,26.5
ee7baa3f-20b3-419f-841e-cbf53d1c559d,1,04e8d74439cda81827c2cff9f165f4c5,11742f81550ac064cc9a40f67151d9ad,2026-09-01T00:03:55.692Z,88.03,12.81
c8d27dff-b08c-4c97-9dfc-23514c3093ee,1,174f6dbd30e54c690ac97b27a3a793fa,062ce95fa2ad4dfaedfc79260130565f,2026-09-01T00:03:55.692Z,295.34,21.99
90cea141-dbef-4476-86e8-92a1c252f156,1,79d93bd70ef865017b4360427aad383e,43b2c864251aa0ce4030c746984e088a,2026-09-01T00:03:55.692Z,254.96,20.96
837dcd0d-1e4f-46de-a4e7-02948671e0c1,1,753531d6b13f62a1aae9baefa606a470,c353f8fc0ce8344999f17d578eb69a5e,2026-09-01T00:03:55.692Z,128.06,16.52
b5bfdc01-4fbb-466d-b26f-c2f237625a0d,1,9644931193891477e4863fa05363f594,2fa13c8bd5705d279f7ed5cc9ec61c68,2026-09-01T00:03:55.692Z,112.63,16.56
9c1ab477-420d-42c9-953d-69c67c18be69,1,f622086c97c7060ffc84d17b9986a1b8,cea729054f157f5870bdd321a958d994,2026-09-01T00:03:55.692Z,79.54,20.41
5083dc11-e155-4b84-a447-072cf985f914,1,8afa66574cf6cd61a7bff6af5494b37a,bd23da7354813347129d751591d1a6e2,2026-09-01T00:03:55.692Z,198.6,8.95
e48e7a7e-9694-443b-8aba-fd1a3d19ea91,1,60a3aec19dc1a866e9cf6a6b4430916d,74c7dec0a384d8a05950e629bd23bde9,2026-09-01T00:03:55.692Z,117.95,14.09
e48e7a7e-9694-443b-8aba-fd1a3d19ea91,2,dedb5adefe63796ce6edd624d0ebd8a8,702835e4b785b67a084280efca355756,2026-09-01T00:03:55.692Z,255.87,9.71
ba5a1f5c-cc49-4382-bd6c-934f12257d5b,1,02e27630510d16a95a473d9b35959d3e,23ff42c4bf1f8f16cddb19d8b972974a,2026-09-01T00:03:55.692Z,43.92,0.12
ba5a1f5c-cc49-4382-bd6c-934f12257d5b,2,c9b6f0f5e861adc800edb233fc1da1c4,d7827b2af99326a03b0ed9c7a24db0d3,2026-09-01T00:03:55.692Z,255.17,24.83
ba5a1f5c-cc49-4382-bd6c-934f12257d5b,3,ec7b66dc5dc162790056db61a1d61c99,c4fabeea6e569d42d02993bb1f4f1cbc,2026-09-01T00:03:55.692Z,286.12,11.02
db01d6ac-a674-466b-8e79-ae055f8916dc,1,51d6e4daf9bf0f6a2920a4bd23be3960,2e2f44824ab87a0cb961f68bf4073e7f,2026-09-01T00:03:55.692Z,144.76,2.56
1e85be92-da69-4032-b942-e41d381f1b8f,1,127d3b28487be63864af02f25333decd,7f152321c60a266edc53af1925ef96c1,2026-09-01T00:03:55.692Z,448.77,24.75
4d50267f-4238-4037-8a98-ad48806acbcb,1,4baf15e171b06455c5cd23453db0cab3,4fe2f67634d00c021aa01f96b6f2d68e,2026-09-01T00:03:55.692Z,47.88,22.37
2568ebe4-ff9b-44d4-976e-f404871fb9c7,1,7adebeebd22a2f3271bdb33ebe37caaa,4be6b962d83299498bae2190f95d6566,2026-09-01T00:03:55.692Z,180.3,4.68
e1934410-daad-4ef9-8ebb-eb4c96f3d1ac,1,d89b65ae21c1eed8128aafb8c3c553fe,e5899683388855d3dabe8913bbe365de,2026-09-01T00:03:55.692Z,227.95,39.13
194e51b9-9775-49ab-91a2-49182b5cc568,1,a94bae2ca6c0f6530af830bda6dae563,52f6f9f13ba19504c02781132a049e75,2026-09-01T00:03:55.692Z,272.89,32.22
8f984a39-0b25-4d44-b2ef-c4a7bfc46e94,1,ffb64e34a37740dafb6c88f1abd1fa61,c0aff2da32c17759d30b22fb0af6649d,2026-09-01T00:03:55.692Z,341.03,12.32
c2367489-cd23-457b-863a-5d6154e25b29,1,d328462624ad874c591813fcfadbf1a0,4e8dacf3d38f281ae26c3e0321d92d88,2026-09-01T00:03:55.692Z,250.89,20.43
3b82ba30-42c9-4020-9587-dfd101692482,1,d24659126d5bbd0b1bacba3e8d17a978,42d4b7e70819438f5ada61c965e92d7e,2026-09-01T00:03:55.692Z,191.14,15.46
a8e3aeb5-4233-4fab-a591-dec250a8685e,1,9b8fae0d687fadb80a75aef40ea60fc2,eebb3372362aa9a46975164bed19a7e7,2026-09-01T00:03:55.692Z,139.09,21.06
67a2bb56-b57e-4a34-abde-a849f9f191b5,1,742979e885a7f5409cc6a938eb7c4843,bb7a14e229b1c95156719c3d9552eeee,2026-09-01T00:03:55.692Z,647.9,1.54
67a2bb56-b57e-4a34-abde-a849f9f191b5,2,0cbb82f3f9549ec4aeab968a4be5e7a9,0743a0239d764b9a0f959a57d07e36ab,2026-09-01T00:03:55.692Z,285.52,2.49
67a2bb56-b57e-4a34-abde-a849f9f191b5,3,0c8b321d3fd08377fe038cc6257d64e9,8f0fbe2cd4d472157dc1cdef6edecaa9,2026-09-01T00:03:55.692Z,34.16,6.96
8b5797e8-a586-4b79-b8ee-be8547de2a6f,1,01a52711e989a817ab8100ddcf8d2940,204b4e07bddef3c9b317f70189135b22,2026-09-01T00:03:55.692Z,330.42,2.95
04ff092d-0d96-458b-9fba-5426c68b1e0f,1,aa74ebe862c9061d4272681810675a01,f7df46c1e0ec44eed5c6726478da4a17,2026-09-01T00:03:55.692Z,7.93,5.48
7491d188-397b-4051-a66e-7a7dafa35f3c,1,10853770629fe365086f9522cb540549,4deebb3199eeafb282ae33229144f94b,2026-09-01T00:03:55.692Z,227.32,19.77
3c66ef14-145f-496b-a05b-1de91c09fef5,1,ec1faa2edc27ce32372fee59d1f9e969,901b460cdce0c64e471230d7f2f9f3a3,2026-09-01T00:03:55.692Z,27.25,33.5
3c66ef14-145f-496b-a05b-1de91c09fef5,2,6e945cffb2e4e63d0ee8c5e7cfb717c7,e88f7a2995ba184710d339c5c4bf2e30,2026-09-01T00:03:55.692Z,179.85,27.36
3c66ef14-145f-496b-a05b-1de91c09fef5,3,d5aab5918f6581c1857e6a0c38f13e78,aae3bfea055532c57fb453ed3ec80b30,2026-09-01T00:03:55.692Z,181.79,31.98
ff581aef-3dbd-4091-b7ff-f90758b7f5ec,1,6a1a04054158fe995e1688d8f79605b2,8603f0038fe0e52fedd3382d266723de,2026-09-01T00:03:55.692Z,43.59,20.97
9a4ecb40-84ae-4c33-8072-c1287aec1eb8,1,1b97621fc0e6ac58cfb272d5ccf8c15b,e24d3429d294b2eb200b064ebb035879,2026-09-01T00:03:55.692Z,260.46,26.83
9a4ecb40-84ae-4c33-8072-c1287aec1eb8,2,a7206a94bef040212c063390c1f2e4e0,4978a02ea9c8be7a9b5480680f40334e,2026-09-01T00:03:55.692Z,101.0,8.67
9a4ecb40-84ae-4c33-8072-c1287aec1eb8,3,bc15663c211a5ec5ac7d927b7ba60e1f,41b86b552e54e3a7009596125aa8b167,2026-09-01T00:03:55.692Z,169.08,13.41
ad273d2d-b13b-41e3-9d57-a0d5800f8146,1,a2ba5bcfe3ee03832bf8f324caa32dad,5a05a16bb50629ee31afab8a6d4c2674,2026-09-01T00:03:55.692Z,242.73,23.38
ad273d2d-b13b-41e3-9d57-a0d5800f8146,2,b36858b52183f641b1be7bd99cd0ca89,06579cb253ecd5a3a12a9e6eb6bf8f47,2026-09-01T00:03:55.692Z,291.15,20.27
8869047b-28cd-4527-97eb-3fa14ef2dca3,1,e01bc2ad5c6f46c0f53f73379fcd602e,458d868c9642f55f18f04e951a3fdde6,2026-09-01T00:03:55.692Z,334.45,5.13
8869047b-28cd-4527-97eb-3fa14ef2dca3,2,f7d67abec0a2ed71d5125e6eecbd8db9,2e0dba2da448400b1c11d7b4b22f32a4,2026-09-01T00:03:55.692Z,417.0,27.01
1db0220c-e550-46c7-bd3c-fa8ded54f781,1,f15962856ffeba607559e662ad9f8c9b,c5ebe6598748b0aeaa61cfb820478b92,2026-09-01T00:03:55.692Z,335.78,30.87
4d67d632-f91e-49a6-9639-a3625cb2a8db,1,05833dad7f04a1b2991641771bfe6d9f,cfd7ddab722b902f7ac5b5f3ba6d723d,2026-09-01T00:03:55.692Z,115.08,38.71
39177e8a-e09c-4713-8dd9-b2253cd3810c,1,64d67d69ec57113ff99bbaab62ac1c53,0eaa7e33d73809f1f925f7d07c506cbd,2026-09-01T00:03:55.692Z,307.36,26.93
48f99e5b-99f6-4a17-a49f-da560236c65c,1,8e42c31b4ca1afbb6bbe17efdd666cf5,53b0300ca793f9834cd69c0678d35ee8,2026-09-01T00:03:55.692Z,337.04,18.56
fa11e736-45b5-42f5-9f36-d89bd02b37bc,1,17d8b8e9c21ec0fc5b33724e32fe422e,bfd27a966d91cfaafdb25d076585f0da,2026-09-01T00:03:55.692Z,94.84,35.32
2a9bba8e-ea58-4a73-9ba5-d7fa03aa8374,1,07a446d7cf0e22333d2032294c408cca,3289d8c3eef4873f91ce0b1343c0dd58,2026-09-01T00:03:55.692Z,166.06,22.92
aedf969c-af21-4826-9fdc-353d25238a8f,1,ad548cefdd8ba3faa511884b1c8a0788,52454f90d4c30c016768db02f88c1a74,2026-09-01T00:03:55.692Z,40.6,11.54
ee82afb2-384a-41f6-ae11-5c0eacd40e35,1,a1fc7e27ec70c82cbc5a559b1af76424,b5dd7151a92ccaaa282cbe9681a05f44,2026-09-01T00:03:55.692Z,240.91,11.22
d78df453-93bc-4c44-802f-ce97c970d9ed,1,209fa5709fd95c3fac1edddca1d6c505,dbc22125167c298ef99da25668e1011f,2026-09-01T00:03:55.692Z,95.4,39.09
a9e023ae-8b00-4225-8f3c-4f74fe1d367d,1,ad8ce350191f1fc97260d1c5893e841a,318f287a62ab7ac10b703ac37435a231,2026-09-01T00:03:55.692Z,110.81,30.05
a9e023ae-8b00-4225-8f3c-4f74fe1d367d,2,7edef979b756af9359d411234fea104a,f326006815956455b2859abd58fe7e39,2026-09-01T00:03:55.692Z,58.28,16.46
1bf4cec7-6aca-4b03-8b1f-675fe705a496,1,a77aadc991c8f31b9b553fcbb8975ab8,ab27bbbad5239bc31a34709275a70db4,2026-09-01T00:03:55.692Z,32.11,43.29
473fc03c-590e-4ae7-86f1-68589be5d029,1,916d4d1015e94b8b525ef366b3bde796,889009a0ed0bb52c87819941192931b8,2026-09-01T00:03:55.692Z,137.86,12.55
bf32b333-722c-4e31-a9ac-3691905c77ed,1,84fa04b89f708a4fdfa1d828a277a150,7315baebc0572ff220d226283dc66728,2026-09-01T00:03:55.692Z,417.96,15.46
03ba3329-65b5-4db6-a750-7c1e0bedc929,1,4e64c0d39af6b919e605b2ce1e793d20,d2572f31e9023e9850ef986a636ff9bf,2026-09-01T00:03:55.692Z,190.03,33.4
0c5722e6-5c9a-4f32-ac69-4f6a14945ff7,1,3ceb44c75e6981ff0987bb90c95694c0,7b07b3c7487f0ea825fc6df75abd658b,2026-09-01T00:03:55.692Z,57.17,29.09
0c5722e6-5c9a-4f32-ac69-4f6a14945ff7,2,f3466e14c29ba0ba18ff6362c94ecdfa,ecccfa2bb93b34a3bf033cc5d1dcdc69,2026-09-01T00:03:55.692Z,190.05,20.05
c6416fa4-054b-4c36-b13a-d4a5086be9a2,1,7f2097ece1964900e1f72465c57dcc67,7994081388d55b9cf976c050653dd359,2026-09-01T00:03:55.692Z,6.51,33.82
c6416fa4-054b-4c36-b13a-d4a5086be9a2,2,4d07b8f45de0eab0f3a44af37386764c,3a490ba60afa30ece0e7d50cfe74a4f0,2026-09-01T00:03:55.692Z,73.58,32.43
2425efdc-1993-423f-88fb-03466f064ffb,1,c7f8c040002615c99a0aa2ddec4c41e6,d1582f4043306e6b91afa6a8a884f898,2026-09-01T00:03:55.692Z,312.28,16.09
20567ebe-6dec-4969-a872-9f6681fbe1cd,1,d0a672bae47ae7c26b8e1e2ec152edcf,d51e0a403fe2e689ece6c73359d96e12,2026-09-01T00:03:55.692Z,100.62,12.94
20567ebe-6dec-4969-a872-9f6681fbe1cd,2,515ba7ccc6abbd1c0f5016704a0184e2,46dc3b2cc0980fb8ec44634e21d2718e,2026-09-01T00:03:55.692Z,5.0,10.98
fe7234cd-dfeb-43d5-9789-4e8d5c5eee8f,1,6893767814d1ac82a81bcd365e1cc918,c76d418370990614e89e956c7a7567d9,2026-09-01T00:03:55.692Z,135.26,24.98
0b6cff0a-682d-4e7f-a026-6fd2460de47d,1,f18ab2ae5b32acd3afdaa8c5f96087ec,60da8bfa7eebe230b7d66ac4082d79b3,2026-09-01T00:03:55.692Z,141.61,11.37
53fafa40-7241-46b4-961c-801fe0a6c984,1,695e7998d136c389e5b287c1ffe4b62a,dbbcfe2c8d026742134ac3e28ccde274,2026-09-01T00:03:55.692Z,270.96,22.75
53fafa40-7241-46b4-961c-801fe0a6c984,2,d6a95e3741f817881010aa71433051b5,61b893c57e33626afb104d4112b1be76,2026-09-01T00:03:55.692Z,10.06,19.59
3b3ff4f0-ee86-483c-add3-1645d9bae59a,1,d0c59b22539b0b391e5834a1dae7caa8,17a053fcb14bd219540cbde0df490be0,2026-09-01T00:03:55.692Z,71.86,32.02
3b3ff4f0-ee86-483c-add3-1645d9bae59a,2,fb20d37a2c78452667f7a347e756727c,8ff1a9df749e454105c55cda13e79143,2026-09-01T00:03:55.692Z,117.64,34.46
3b3ff4f0-ee86-483c-add3-1645d9bae59a,3,bd4007f3a50676aa56e2696897f4a706,b5bb2b985208834bd5bd86c7a402bbad,2026-09-01T00:03:55.692Z,263.99,21.27
9effaa1b-649e-4cbc-8232-aefe5ea9e24e,1,5e8f674eea4267b3de326c3e2ee2c5e7,1e8b33f18b4f7598d87f5cbee2282cc2,2026-09-01T00:03:55.692Z,48.05,24.38
fcb81647-cd5d-467a-be85-052b0fc93192,1,5bb2c90ab3ab3c24ba5b42b19a4d4b43,0db783cfcd3b73998abc6e10e59a102f,2026-09-01T00:03:55.692Z,99.59,24.97
1fc735f9-4aee-4bb9-a555-0d23f13d1cd9,1,cb0c2c97fb2fca149a11c2f14027895d,671585f5a2af58b6e276bc01003c0d2b,2026-09-01T00:03:55.692Z,431.16,4.1
e8f029ac-0802-4e2e-b3d0-6e0fe83166c6,1,e8c6039a25765995ac7c1ec2cbef5765,f680f85bee2d253556ac91be391d2c82,2026-09-01T00:03:55.692Z,189.62,23.86
e8f029ac-0802-4e2e-b3d0-6e0fe83166c6,2,a78fa6c80b9cc50d0100e12a097b8417,8ff38bc3969e67c36c48343a07090f66,2026-09-01T00:03:55.692Z,350.48,11.12
e9a3a31e-9aab-48b9-a6df-632189598127,1,5e434712653feed8cd837cbd10ea9b18,fcf16b7a8697e559f0123190bb30177d,2026-09-01T00:03:55.692Z,84.46,17.47
3142513c-a315-4a26-8034-16a00340e715,1,9da581af1760052f6c62b922a1793337,d149de2f383552baea37a7198c2296ce,2026-09-01T00:03:55.692Z,70.79,36.22
112551df-8afd-47bb-8eaf-a22b100a2363,1,48de27bd5c8f17adee291f6886cec06f,710e3548e02bc1d2831dfc4f1b5b14d4,2026-09-01T00:03:55.692Z,252.32,15.8
5ca999cd-312f-4b83-99c6-2ff725566f61,1,736000073edfb5a7d5fc8d710e93772a,76d64c4aca3a7baf218bf93ef7fa768d,2026-09-01T00:03:55.692Z,57.24,20.68
